Game,Team,Batter,Bats,Pitcher,Throws,Starter,RC,HR Boost,XB Boost,1B Boost,BB Boost,K Boost,HR Prob,XB Prob,1B Prob,BB Prob,K Prob,RC (no park),HR Boost (no park),XB Boost (no park),1B Boost (no park),BB Boost (no park),K Boost (no park),HR Prob (no park),XB Prob (no park),1B Prob (no park),BB Prob (no park),K Prob (no park),vs Grade,PA,AB,H,HR (hist),XBH (hist),BB (hist),K (hist),AVG
Guardians @ Cardinals,CLE,Austin Hedges,R,May,R,0,-2,-9,-9,5,17,-4,2.2,4.9,13.6,11.1,25.2,2,-2,-11,10,24,1,2.4,4.9,14.2,11.8,26.6,2,0,0,0,0,0,0,0,.000                         
Guardians @ Cardinals,STL,Ramon Urias,R,Cecconi,R,0,-2,18,15,-11,-17,-13,3.5,5.9,11.6,6.9,23.7,1,17,18,-6,-12,-8,3.5,6,12.3,7.3,25.1,1,4,3,2,0,1,1,0,.667                         
Guardians @ Cardinals,CLE,Jose Ramirez,S,May,R,1,-1,-7,5,0,14,-22,2.6,5.4,16,12.6,10.5,3,-3,5,6,21,-17,2.7,5.4,16.8,13.4,11.1,10,4,3,1,0,0,1,1,.333                         
Guardians @ Cardinals,STL,Yohel Pozo,R,Cecconi,R,0,3,2,48,-8,-18,-21,2.1,7.8,15.3,4.3,13.3,7,12,45,-2,-13,-17,2.3,7.6,16.2,4.5,14,6,2,2,0,0,0,0,1,.000                         
Guardians @ Cardinals,CLE,Rhys Hoskins,R,May,R,1,9,10,-4,4,22,-12,3.2,4.3,12,16.5,27,12,12,-3,8,29,-7,3.3,4.4,12.4,17.4,28.6,7,0,0,0,0,0,0,0,.000                         
Guardians @ Cardinals,STL,Jose Fermin,R,Cecconi,R,0,-14,-19,23,-5,-32,-6,1.2,5.7,15.4,7.1,15.2,-11,-7,18,-1,-28,0,1.4,5.5,16,7.5,16.1,1,0,0,0,0,0,0,0,.000                         
Guardians @ Cardinals,CLE,Bo Naylor,L,May,R,1,7,0,10,14,8,-15,2.7,5.3,14.5,11,21.3,11,1,12,19,14,-10,2.7,5.4,15,11.7,22.6,6,4,4,1,0,0,0,2,.250                         
Guardians @ Cardinals,STL,Nolan Gorman,L,Cecconi,R,1,2,31,15,-8,-21,-7,4.4,5.4,10.6,8.2,32.7,3,27,17,-3,-17,-2,4.3,5.5,11.1,8.7,34.5,-1,2,2,0,0,0,0,1,.000                         
Guardians @ Cardinals,STL,Ivan Herrera,R,Cecconi,R,1,-16,-11,17,-15,-25,-4,2.4,6.6,13.7,9.6,18.7,-14,-10,16,-10,-20,1,2.4,6.6,14.5,10.2,19.8,6,0,0,0,0,0,0,0,.000                         
Guardians @ Cardinals,CLE,George Valera,L,May,R,0,17,10,19,10,23,-22,2.9,5,13.9,12.7,22.3,21,12,18,17,30,-17,3,4.9,14.7,13.5,23.6,7,1,1,1,0,0,0,0,1.000                         
Guardians @ Cardinals,STL,Alec Burleson,L,Cecconi,R,1,-9,6,11,-8,-21,-19,2.9,5.9,15.7,7.5,12.3,-5,6,13,-3,-16,-14,2.9,6.1,16.7,7.9,13,8,3,3,1,0,0,0,1,.333                         
Guardians @ Cardinals,CLE,Brayan Rocchio,S,May,R,1,2,-5,4,2,18,-23,2.5,5.3,16.7,9.6,16.9,6,0,3,8,25,-18,2.7,5.2,17.6,10.2,17.8,8,1,1,0,0,0,0,1,.000                         
Guardians @ Cardinals,CLE,Steven Kwan,L,May,R,1,3,8,16,0,23,-12,1.5,6.3,18.3,12.4,9.8,6,19,11,3,30,-7,1.7,6,19,13.1,10.3,10,4,3,1,0,0,1,0,.333                         
Guardians @ Cardinals,CLE,David Fry,R,May,R,0,7,-4,3,11,18,-11,2.9,5.1,13.9,8.6,28.8,11,2,3,15,25,-6,3.1,5.1,14.4,9.1,30.4,1,0,0,0,0,0,0,0,.000                         
Guardians @ Cardinals,CLE,Daniel Schneemann,L,May,R,0,15,-4,28,10,20,-20,2.6,6.5,14.3,10.6,24,19,-1,29,17,27,-16,2.6,6.6,15.2,11.2,25.4,7,2,2,1,1,0,0,1,.500                         
Guardians @ Cardinals,CLE,Angel Martinez,S,May,R,1,8,7,17,7,8,-13,2.5,5.9,14.4,8.6,22.9,12,14,17,12,14,-8,2.6,5.9,15,9.1,24.2,4,4,3,1,0,0,1,1,.333                         
Guardians @ Cardinals,CLE,Juan Brito,S,May,R,1,0,0,0,0,0,0,0,0,0,0,0,0,0,0,0,0,0,0,0,0,0,0,-10,0,0,0,0,0,0,0,.000                         
Guardians @ Cardinals,STL,Pedro Pages,R,Cecconi,R,1,-14,-9,-8,-5,-18,1,2.2,4.6,14,5,29.8,-11,-4,-4,-2,-14,7,2.3,4.7,14.5,5.3,31.5,-6,0,0,0,0,0,0,0,.000                         
Guardians @ Cardinals,STL,Victor Scott II,L,Cecconi,R,1,-11,11,9,-9,-27,-9,1.8,5.7,13.1,6.9,23.4,-7,23,11,-6,-23,-4,2,5.8,13.5,7.3,24.7,-3,2,2,1,0,0,0,0,.500                         
Guardians @ Cardinals,STL,Jordan Walker,R,Cecconi,R,1,-6,40,4,-17,-27,0,3.9,5.1,11.7,6.2,32,-5,34,5,-11,-22,6,3.8,5.2,12.5,6.6,33.8,-3,0,0,0,0,0,0,0,.000                         
Guardians @ Cardinals,STL,Masyn Winn,R,Cecconi,R,1,-8,-4,29,-8,-27,-16,1.7,6,14.7,7.1,16.6,-5,5,26,-2,-23,-12,1.9,5.8,15.6,7.5,17.5,2,3,3,2,0,1,0,0,.667                         
Guardians @ Cardinals,STL,Thomas Saggese,R,Cecconi,R,1,-13,-4,7,-10,-24,-4,1.6,5,13.2,6,28,-9,-2,11,-5,-19,1,1.7,5.2,14,6.3,29.6,-7,0,0,0,0,0,0,0,.000                         
Guardians @ Cardinals,CLE,Kyle Manzardo,L,May,R,1,14,33,5,7,11,-18,4.8,5,14.2,11.9,22.8,18,32,9,13,17,-14,4.8,5.1,15,12.6,24.1,10,4,4,0,0,0,0,2,.000                         
Guardians @ Cardinals,STL,Nathan Church,L,Cecconi,R,0,-8,-1,14,-13,-22,-10,1.9,4.7,12,4,26.4,-5,2,15,-7,-17,-5,1.9,4.8,12.8,4.2,27.9,-8,0,0,0,0,0,0,0,.000                         
Guardians @ Cardinals,CLE,Chase DeLauter,L,May,R,1,-2,-20,19,-3,14,-7,2.1,5.4,13.4,9.3,23.9,2,-17,19,2,21,-2,2.2,5.4,14.1,9.9,25.3,1,0,0,0,0,0,0,0,.000                         
Guardians @ Cardinals,STL,JJ Wetherholt,L,Cecconi,R,1,-13,8,4,-11,-26,-3,2.3,4.5,11.2,7,29.1,-10,8,6,-6,-22,2,2.3,4.6,11.8,7.4,30.8,-7,0,0,0,0,0,0,0,.000                         
Mariners @ Padres,SD ,Nick Castellanos,R,Hancock,R,0,-10,-13,-17,5,17,-7,2.1,5,16.6,6.8,24.6,-2,-2,-2,7,11,-12,2.4,5.9,17,6.4,23.3,3,0,0,0,0,0,0,0,.000                         
Mariners @ Padres,SD ,Manny Machado,R,Hancock,R,1,-3,-17,4,7,14,-17,2.5,5.4,16.1,11.7,20.1,3,-8,23,9,8,-21,2.8,6.4,16.3,11.1,19.1,9,5,4,0,0,0,1,1,.000                         
Mariners @ Padres,SD ,Xander Bogaerts,R,Hancock,R,1,-9,-17,-13,-3,23,-20,2.3,4.6,16.2,10.7,15.4,-4,-9,-1,0,17,-24,2.6,5.3,16.7,10.2,14.6,8,4,4,1,0,0,0,0,.250                         
Mariners @ Padres,SD ,Miguel Andujar,R,Hancock,R,1,-8,-32,-11,3,21,-14,1.3,4.3,19.3,7.8,13.9,-3,-26,1,5,15,-18,1.4,4.9,19.7,7.4,13.2,5,3,3,1,0,0,0,0,.333                         
Mariners @ Padres,SEA,Patrick Wisdom,R,Vasquez,R,0,0,0,0,0,0,0,0,0,0,0,0,0,0,0,0,0,0,0,0,0,0,0,-10,0,0,0,0,0,0,0,.000                         
Mariners @ Padres,SD ,Jake Cronenworth,L,Hancock,R,1,-3,-27,14,9,8,-12,1.4,5,16.1,13.7,20.1,2,-10,26,10,2,-17,1.8,5.5,16.2,13,19.1,7,4,4,0,0,0,0,1,.000                         
Mariners @ Padres,SEA,J.P. Crawford,L,Vasquez,R,1,-8,-18,-14,11,-3,-16,1.8,4.5,18.6,12,17.1,-3,7,-7,13,-8,-21,2.4,4.9,18.9,11.4,16.3,9,0,0,0,0,0,0,0,.000                         
Mariners @ Padres,SEA,Mitch Garver,R,Vasquez,R,0,-20,-15,-13,3,-13,-2,2.5,4,12.8,11.5,27.8,-14,-5,-1,7,-17,-7,2.7,4.5,13.2,10.9,26.4,0,0,0,0,0,0,0,0,.000                         
Mariners @ Padres,SEA,Josh Naylor,L,Vasquez,R,1,-8,0,-19,11,-24,-17,3.1,4.8,20.4,4.9,13.6,-1,21,-10,11,-28,-21,3.7,5.3,20.4,4.7,12.9,9,1,0,0,0,0,1,0,.000                         
Mariners @ Padres,SEA,Connor Joe,R,Vasquez,R,0,-21,-29,-19,4,-19,-7,1.1,3.9,14.9,9.8,22.5,-16,-22,-7,6,-23,-12,1.2,4.5,15.2,9.3,21.4,-3,1,1,0,0,0,0,0,.000                         
Mariners @ Padres,SD ,Ramon Laureano,R,Hancock,R,1,-14,-23,-5,5,-2,-6,2.9,5.4,14.8,9.2,23.5,-7,-15,13,7,-7,-11,3.2,6.4,15.1,8.8,22.3,7,2,2,0,0,0,0,0,.000                         
Mariners @ Padres,SD ,Gavin Sheets,L,Hancock,R,1,-11,-23,-6,1,10,-9,2.1,4.7,16,10.6,17.7,-5,-4,3,3,4,-13,2.6,5.1,16.3,10.1,16.8,7,5,4,1,1,0,1,0,.250                         
Mariners @ Padres,SEA,Leo Rivas,S,Vasquez,R,0,-18,-25,-15,0,-8,-14,1.2,3.3,11.9,11.6,25.4,-14,-14,-5,2,-13,-18,1.3,3.7,12.1,11,24.1,-6,0,0,0,0,0,0,0,.000                         
Mariners @ Padres,SEA,Cal Raleigh,S,Vasquez,R,1,-10,3,-18,22,-19,-12,4.2,3.5,13.1,9.6,29.3,-3,14,-7,25,-23,-16,4.6,4,13.4,9.1,27.8,3,0,0,0,0,0,0,0,.000                         
Mariners @ Padres,SD ,Ty France,R,Hancock,R,0,-8,-8,-7,-4,18,-12,2.4,5.2,17.1,8.3,17.3,-3,4,6,-3,11,-17,2.7,6,17.3,7.9,16.4,7,2,2,1,0,0,0,0,.500                         
Mariners @ Padres,SD ,Fernando Tatis Jr.,R,Hancock,R,1,-1,-14,6,9,16,-17,2.6,5.3,14.9,14,20.6,4,-6,24,10,10,-21,2.8,6.2,15.1,13.3,19.6,9,6,6,1,0,1,0,1,.167                         
Mariners @ Padres,SD ,Freddy Fermin,R,Hancock,R,1,-8,-23,9,-8,22,-11,1.6,5.7,14.6,9.5,20.2,-3,-18,22,-6,15,-16,1.7,6.4,14.9,9,19.1,3,2,2,0,0,0,0,0,.000                         
Mariners @ Padres,SEA,Randy Arozarena,R,Vasquez,R,1,-22,-17,-19,2,-19,-3,1.6,4,13.9,9.8,26.4,-17,-8,-6,5,-24,-8,1.8,4.6,14.3,9.3,25.1,-3,0,0,0,0,0,0,0,.000                         
Mariners @ Padres,SD ,Luis Campusano,R,Hancock,R,0,-4,-26,13,3,12,-9,1.6,5.9,16.4,8,16.4,3,-17,33,5,6,-14,1.8,7,16.7,7.6,15.6,6,2,2,1,0,0,0,0,.500                         
Mariners @ Padres,SD ,Bryce Johnson,S,Hancock,R,0,-3,-24,0,5,31,-14,1.7,4.9,16,8.7,21.9,3,-10,9,7,24,-18,2,5.3,16.4,8.3,20.7,2,0,0,0,0,0,0,0,.000                         
Mariners @ Padres,SEA,Luke Raley,L,Vasquez,R,1,-10,-1,-20,15,-7,-9,3.2,3.5,13.8,8.3,31.5,-4,9,-9,15,-12,-14,3.5,4,13.9,7.9,29.9,-3,0,0,0,0,0,0,0,.000                         
Mariners @ Padres,SEA,Julio Rodriguez,R,Vasquez,R,1,-14,-12,-18,7,-9,-9,2.6,4.2,15.1,6.9,23.3,-8,-4,-6,8,-14,-13,2.8,4.8,15.3,6.5,22.1,-1,0,0,0,0,0,0,0,.000                         
Mariners @ Padres,SEA,Brendan Donovan,L,Vasquez,R,1,-14,-24,-24,13,-17,-17,1.7,4.4,19.1,8.5,12.1,-7,0,-15,15,-21,-21,2.3,5,19.4,8.1,11.5,8,8,8,2,0,1,0,1,.250                         
Mariners @ Padres,SEA,Dominic Canzone,L,Vasquez,R,1,-13,-1,-34,9,-9,-11,2.8,3.1,15.8,6.9,22.8,-8,10,-23,9,-14,-15,3.1,3.7,15.8,6.5,21.7,-1,0,0,0,0,0,0,0,.000                         
Mariners @ Padres,SD ,Jackson Merrill,L,Hancock,R,1,-8,-15,1,3,13,-8,3.1,6.2,16,9,21.8,1,1,17,3,7,-12,3.7,7.1,16.1,8.6,20.7,9,2,2,1,0,0,0,0,.500                         
Mariners @ Padres,SEA,Cole Young,L,Vasquez,R,1,-15,-24,-22,8,-9,-19,2.2,3.5,14.7,9,19,-9,-9,-12,10,-14,-23,2.7,4,15,8.5,18,1,0,0,0,0,0,0,0,.000                         
Nationals @ Pirates,PIT,Marcell Ozuna,R,Irvin,R,1,29,16,40,4,-13,-12,3,6.3,12.9,12.4,24.7,25,17,23,9,-15,-5,3,5.6,13.4,12,26.6,5,16,14,4,1,1,2,3,.286                         
Nationals @ Pirates,PIT,Ryan O'Hearn,L,Irvin,R,1,24,17,33,10,-21,-14,2.6,6.6,17.4,9.2,18,21,12,25,11,-23,-8,2.5,6.2,17.7,9,19.4,8,6,4,2,0,0,2,1,.500                         
Nationals @ Pirates,WAS,Keibert Ruiz,S,Mlodzinski,R,1,19,-11,-19,27,1,15,1.4,4.1,23.9,5.3,13.2,16,-17,-25,27,-2,23,1.3,3.8,24,5.2,14.2,4,2,2,0,0,0,0,0,.000                         
Nationals @ Pirates,PIT,Joey Bart,R,Irvin,R,0,36,-7,65,3,-7,-15,2,7.7,14.3,10.6,25,33,-1,47,6,-10,-9,2.1,6.8,14.7,10.3,26.9,4,0,0,0,0,0,0,0,.000                         
Nationals @ Pirates,PIT,Jake Mangum,S,Irvin,R,0,41,-8,51,16,-4,-20,1.1,7.6,20.3,4.5,14.7,41,3,40,21,-7,-14,1.2,7,21.2,4.4,15.8,6,2,2,1,0,0,0,0,.500                         
Nationals @ Pirates,PIT,Brandon Lowe,L,Irvin,R,1,49,35,48,18,-13,-26,4.8,8,15.4,7.7,20.7,44,29,37,20,-15,-21,4.6,7.4,15.6,7.5,22.2,10,6,5,2,1,0,1,0,.400                         
Nationals @ Pirates,PIT,Oneil Cruz,L,Irvin,R,1,36,10,45,9,-15,-16,2.8,6.3,13.9,10.1,27.1,33,11,34,11,-17,-10,2.8,5.8,14.1,9.9,29.2,2,6,5,1,0,1,1,3,.200                         
Nationals @ Pirates,PIT,Bryan Reynolds,S,Irvin,R,1,23,1,28,12,-23,-5,2.8,6.6,16.3,9.2,25.2,19,-1,17,14,-25,3,2.7,6.1,16.5,9,27.1,5,6,6,1,0,0,0,2,.167                         
Nationals @ Pirates,WAS,Luis Garcia,L,Mlodzinski,R,1,7,-18,-19,11,-10,14,2.5,4.8,19.1,5.1,21.5,5,-21,-23,13,-12,23,2.4,4.6,19.3,4.9,23.2,1,3,3,0,0,0,0,1,.000                         
Nationals @ Pirates,WAS,Jose Tena,L,Mlodzinski,R,1,11,-14,-15,3,-7,6,1.3,4.2,15.1,8.7,27,9,-19,-20,6,-9,14,1.2,3.9,15.6,8.5,29.1,-6,1,1,0,0,0,0,0,.000                         
Nationals @ Pirates,WAS,Jorbit Vivas,L,Mlodzinski,R,0,2,-36,-15,2,-20,20,1.1,3.9,15.2,6.1,26.2,0,-36,-20,3,-22,29,1.1,3.7,15.2,6,28.2,-8,0,0,0,0,0,0,0,.000                         
Nationals @ Pirates,WAS,Curtis Mead,R,Mlodzinski,R,0,8,-15,-13,0,-19,19,1.4,4.6,13.9,5.2,31.5,4,-19,-23,3,-21,29,1.4,4,14.2,5.1,33.9,-9,0,0,0,0,0,0,0,.000                         
Nationals @ Pirates,PIT,Henry Davis,R,Irvin,R,1,43,36,42,11,-21,-13,4,6.7,14.4,7.3,26.9,42,43,30,13,-24,-7,4.2,6.1,14.7,7.1,28.9,5,2,2,0,0,0,0,0,.000                         
Nationals @ Pirates,WAS,C.J. Abrams,L,Mlodzinski,R,1,2,-32,-20,4,-7,27,1.9,4.2,15,7.5,31.5,-1,-34,-26,5,-9,37,1.8,3.9,15.1,7.4,33.9,-7,1,1,0,0,0,0,0,.000                         
Nationals @ Pirates,WAS,Nasim Nunez,S,Mlodzinski,R,1,6,-36,-17,11,-17,12,1.3,3.5,15.4,8.5,27.4,5,-27,-25,14,-19,20,1.4,3.2,15.7,8.3,29.5,-7,0,0,0,0,0,0,0,.000                         
Nationals @ Pirates,WAS,Drew Millas,S,Mlodzinski,R,0,5,-28,-17,6,-22,14,0.9,3.6,16.3,7,26.7,3,-27,-24,7,-24,22,0.9,3.3,16.5,6.9,28.7,-8,0,0,0,0,0,0,0,.000                         
Nationals @ Pirates,WAS,Joey Wiemer,R,Mlodzinski,R,0,7,-37,-21,12,-18,13,1.6,3.7,14.1,7,37.3,5,-38,-30,16,-20,21,1.6,3.3,14.5,6.8,40.1,-9,3,3,1,1,0,0,0,.333                         
Nationals @ Pirates,PIT,Spencer Horwitz,L,Irvin,R,1,23,20,31,7,-12,-12,3.2,6.7,16.2,10.9,16.2,21,20,26,6,-14,-6,3.2,6.4,16.1,10.6,17.4,9,0,0,0,0,0,0,0,.000                         
Nationals @ Pirates,WAS,Brady House,R,Mlodzinski,R,1,7,-32,-21,4,-23,9,1.2,3.5,14.4,6,34.2,4,-35,-29,6,-25,17,1.1,3.1,14.8,5.8,36.8,-9,1,1,0,0,0,0,1,.000                         
Nationals @ Pirates,PIT,Nick Gonzales,R,Irvin,R,0,34,11,44,9,-12,-14,1.9,8.2,20.2,5.3,16.5,28,14,23,12,-14,-8,1.9,7,20.7,5.2,17.8,8,3,3,1,0,0,0,0,.333                         
Nationals @ Pirates,PIT,Nick Yorke,R,Irvin,R,1,39,44,37,16,-20,-15,2.9,5.7,17.3,7.7,20.8,37,49,23,19,-22,-9,3,5.1,17.7,7.5,22.4,5,0,0,0,0,0,0,0,.000                         
Nationals @ Pirates,PIT,Billy Cook,R,Irvin,R,0,61,27,44,18,-10,-19,3.3,6.2,14.3,5.2,27,59,36,27,22,-12,-13,3.5,5.5,14.8,5.1,29,-1,0,0,0,0,0,0,0,.000                         
Nationals @ Pirates,WAS,James Wood,L,Mlodzinski,R,1,5,-39,-25,14,-13,4,1.8,3.6,15,10.4,35,4,-36,-30,16,-15,12,1.9,3.3,15.2,10.1,37.7,-6,1,1,1,0,0,0,0,1.000                         
Nationals @ Pirates,WAS,Daylen Lile,L,Mlodzinski,R,1,13,-22,-15,22,-10,6,1.9,4.4,20,6.8,19.2,11,-21,-23,23,-12,14,1.9,4,20.1,6.7,20.7,2,1,1,1,0,0,0,0,1.000                         
Nationals @ Pirates,WAS,Jacob Young,R,Mlodzinski,R,1,10,-31,-7,8,-8,13,1.1,4.8,18.1,7.7,22.1,6,-29,-22,10,-11,21,1.2,4,18.6,7.5,23.8,-3,2,2,0,0,0,0,1,.000                         
Nationals @ Pirates,PIT,Konnor Griffin,R,Irvin,R,1,79,48,27,15,-9,-12,2.5,4.2,12.6,5.4,36.1,78,59,14,18,-11,-5,2.7,3.8,12.9,5.3,38.8,-9,0,0,0,0,0,0,0,.000                         
Cubs @ Phillies,PHI,Bryce Harper,L,Imanaga,L,1,6,55,10,-13,-39,10,5.4,6.1,13.4,6.4,26.1,1,28,13,-13,-39,5,4.5,6.2,13.4,6.4,24.8,5,0,0,0,0,0,0,0,.000                         
Cubs @ Phillies,PHI,J.T. Realmuto,R,Imanaga,L,1,9,86,20,-22,-44,25,5.2,6.6,11.4,5.4,30.4,4,47,28,-20,-44,19,4.1,7,11.7,5.4,28.9,1,0,0,0,0,0,0,0,.000                         
Cubs @ Phillies,PHI,Trea Turner,R,Imanaga,L,1,14,129,15,-16,-36,14,4.8,6.5,14.7,5,22.1,9,79,19,-14,-37,8,3.8,6.7,15.1,4.9,21,5,3,3,1,0,0,0,2,.333                         
Cubs @ Phillies,CHC,Alex Bregman,R,Luzardo,L,1,-10,20,-23,-1,-29,50,2.9,4,15.7,8.2,20.7,-13,-10,-18,1,-30,43,2.2,4.3,16,8.2,19.7,0,3,3,1,1,0,0,1,.333                         
Cubs @ Phillies,CHC,Carson Kelly,R,Luzardo,L,1,-26,-17,-28,-12,-34,49,2.7,3.8,12.5,6.6,34.4,-28,-35,-24,-10,-34,42,2.1,4,12.7,6.6,32.7,-8,3,3,2,0,1,0,0,.667                         
Cubs @ Phillies,CHC,Dansby Swanson,R,Luzardo,L,1,-25,-11,-31,-5,-40,41,3,3.4,12.5,5.6,41,-28,-32,-28,-3,-41,34,2.3,3.5,12.8,5.6,39,-9,12,9,0,0,0,3,2,.000                         
Cubs @ Phillies,CHC,Michael Conforto,L,Luzardo,L,0,-24,-17,-22,-5,-37,46,2.5,3.4,13,8.5,38.9,-27,-35,-20,-4,-38,38,2,3.5,13.2,8.4,37,-8,2,2,0,0,0,0,1,.000                         
Cubs @ Phillies,PHI,Edmundo Sosa,R,Imanaga,L,1,21,110,20,-16,-44,18,6,6.3,13.8,3.1,28.2,13,61,27,-14,-45,13,4.6,6.7,14.1,3.1,26.8,3,3,3,1,0,0,0,1,.333                         
Cubs @ Phillies,PHI,Kyle Schwarber,L,Imanaga,L,1,11,60,30,-8,-43,14,6.6,5,9.3,9.6,37.1,5,36,31,-7,-43,8,5.6,5,9.4,9.6,35.2,2,0,0,0,0,0,0,0,.000                         
Cubs @ Phillies,CHC,Nico Hoerner,R,Luzardo,L,1,-15,15,-19,-7,-38,64,2,4.2,18,4.5,19,-18,-23,-15,-5,-38,55,1.3,4.4,18.5,4.5,18.1,-3,11,11,3,0,1,0,3,.273                         
Cubs @ Phillies,CHC,Ian Happ,S,Luzardo,L,1,-24,-11,-28,-9,-34,42,3.3,3.4,11,8.1,41,-27,-31,-24,-8,-34,35,2.6,3.6,11,8.1,39,-9,9,6,1,0,0,3,2,.167                         
Cubs @ Phillies,CHC,Scott Kingery,R,Luzardo,L,0,-29,-21,-24,-10,-41,36,2,3.8,11,4.8,48.1,-31,-41,-20,-9,-41,29,1.5,4,11.1,4.8,45.7,-10,0,0,0,0,0,0,0,.000                         
Cubs @ Phillies,PHI,Dylan Moore,R,Imanaga,L,0,4,93,4,-22,-39,18,4.4,4.8,9.3,7.4,39.7,-3,44,11,-20,-40,13,3.3,5.2,9.5,7.4,37.7,-7,2,2,0,0,0,0,0,.000                         
Cubs @ Phillies,PHI,Alec Bohm,R,Imanaga,L,1,10,116,32,-18,-34,16,3.7,7,15.3,6.2,19,5,59,36,-16,-34,10,2.7,7.2,15.6,6.2,18,6,3,3,1,1,0,0,0,.333                         
Cubs @ Phillies,PHI,Rafael Marchan,S,Imanaga,L,0,6,66,2,-10,-25,12,3.8,4.6,14.4,6.2,22,3,37,8,-9,-26,6,3.1,4.8,14.6,6.2,20.9,-1,2,2,2,1,1,0,0,1.000                         
Cubs @ Phillies,CHC,Miguel Amaya,R,Luzardo,L,1,-24,-3,-37,-10,-35,48,2.7,3.1,12.8,5.3,32,-26,-22,-34,-8,-36,41,2.1,3.3,13.1,5.3,30.5,-9,4,4,0,0,0,0,3,.000                         
Cubs @ Phillies,PHI,Adolis Garcia,R,Imanaga,L,1,22,103,7,-12,-32,-1,6,5.8,13.2,5.2,24.4,15,55,16,-10,-32,-6,4.6,6.3,13.6,5.2,23.2,5,3,3,1,0,0,0,1,.333                         
Cubs @ Phillies,PHI,Brandon Marsh,L,Imanaga,L,0,13,93,13,-21,-41,20,5.8,6.7,11.9,5.1,30.7,3,42,17,-20,-41,14,4.2,6.9,12,5,29.2,1,0,0,0,0,0,0,0,.000                         
Cubs @ Phillies,CHC,Seiya Suzuki,R,Luzardo,L,1,-19,-11,-23,0,-32,43,3.2,3.9,12.4,9.9,37.9,-21,-31,-18,2,-32,35,2.5,4.2,12.7,9.8,36.1,-6,9,9,2,0,0,0,3,.222                         
Cubs @ Phillies,PHI,Bryson Stott,L,Imanaga,L,0,9,97,13,-18,-32,11,4.9,5.4,13.8,6.9,18.1,1,47,17,-18,-32,5,3.7,5.6,13.9,6.9,17.2,5,3,2,0,0,0,1,1,.000                         
Cubs @ Phillies,CHC,Michael Busch,L,Luzardo,L,0,-27,-17,-29,-13,-36,56,3.2,3.8,12.3,8,35.6,-31,-36,-26,-12,-36,49,2.5,4,12.4,8,33.9,-7,0,0,0,0,0,0,0,.000                         
Cubs @ Phillies,CHC,Pete Crow-Armstrong,L,Luzardo,L,1,-28,-15,-41,-8,-29,47,2.7,3.2,12.8,3.7,40.5,-31,-32,-39,-8,-29,39,2.2,3.3,12.8,3.6,38.5,-10,3,3,0,0,0,0,1,.000                         
Cubs @ Phillies,CHC,Moises Ballesteros,L,Luzardo,L,0,-29,-18,-24,-13,-40,45,2,3.2,12.4,5.3,38.9,-31,-37,-21,-13,-40,38,1.6,3.4,12.5,5.3,37,-10,0,0,0,0,0,0,0,.000                         
Cubs @ Phillies,PHI,Justin Crawford,L,Imanaga,L,1,9,123,9,-18,-37,15,3.1,5.1,12.7,3.1,27.6,1,55,13,-17,-37,9,2.2,5.3,12.8,3.1,26.2,-8,0,0,0,0,0,0,0,.000                         
Cubs @ Phillies,PHI,Otto Kemp,R,Imanaga,L,1,13,89,0,-16,-42,18,5.1,4.5,9.5,4.7,42.1,3,41,7,-14,-43,13,3.8,4.8,9.7,4.7,40,-8,0,0,0,0,0,0,0,.000                         
Cubs @ Phillies,CHC,Matt Shaw,R,Luzardo,L,1,-28,2,-41,-9,-40,47,2.2,3.3,12.5,5.5,36.3,-30,-20,-38,-7,-40,40,1.7,3.4,12.7,5.5,34.5,-9,2,2,0,0,0,0,1,.000                         
Angels @ Yankees,NYY,Paul Goldschmidt,R,Kochanowicz,R,0,16,23,4,19,35,-34,3.4,5.8,19.2,12.2,13,12,-5,13,21,29,-35,2.6,6.3,19.6,11.7,12.7,10,2,2,0,0,0,0,1,.000                         
Angels @ Yankees,LAA,Travis d'Arnaud,R,Gil,R,0,19,50,9,-1,36,-27,4.4,5.5,12.4,10.3,24.2,11,15,15,2,30,-29,3.4,5.8,12.7,9.9,23.7,4,0,0,0,0,0,0,0,.000                         
Angels @ Yankees,NYY,Giancarlo Stanton,R,Kochanowicz,R,1,22,7,-2,30,48,-38,4.4,4.7,16.8,18.1,17.7,20,-8,12,33,41,-39,3.8,5.4,17.1,17.2,17.4,10,0,0,0,0,0,0,0,.000                         
Angels @ Yankees,NYY,Randal Grichuk,R,Kochanowicz,R,0,19,13,8,30,29,-39,4,5.9,20.6,10.1,13,16,-7,18,33,23,-41,3.3,6.4,21.1,9.6,12.8,10,0,0,0,0,0,0,0,.000                         
Angels @ Yankees,LAA,Mike Trout,R,Gil,R,1,26,39,-6,2,56,-31,4,4.1,11.7,24.4,21.4,21,20,3,4,49,-32,3.4,4.5,12,23.3,21,10,0,0,0,0,0,0,0,.000                         
Angels @ Yankees,NYY,Aaron Judge,R,Kochanowicz,R,1,23,22,14,34,22,-35,5.7,5.2,19.3,18.1,15.9,19,6,25,36,17,-36,4.9,5.7,19.7,17.2,15.6,10,6,5,1,0,0,1,2,.200                         
Angels @ Yankees,LAA,Adam Frazier,L,Gil,R,0,11,68,13,-6,14,-39,3.2,5.7,14.7,9.4,12.1,3,16,12,-1,9,-40,2.2,5.7,15.5,8.9,11.8,6,2,2,0,0,0,0,0,.000                         
Angels @ Yankees,LAA,Jorge Soler,R,Gil,R,1,21,45,-9,-5,50,-32,4.5,3.8,11.6,19.6,20.6,16,24,-2,-3,43,-34,3.9,4.2,11.8,18.7,20.2,10,0,0,0,0,0,0,0,.000                         
Angels @ Yankees,NYY,Cody Bellinger,L,Kochanowicz,R,1,20,37,5,22,25,-40,4.4,5,18.3,12.8,10.7,17,10,12,29,19,-41,3.5,5.4,19.3,12.2,10.5,10,5,4,2,1,0,1,0,.500                         
Angels @ Yankees,NYY,J.C. Escarra,L,Kochanowicz,R,0,19,23,9,14,42,-41,2.1,4.6,18.7,13.5,11.8,18,2,15,19,35,-42,1.8,4.8,19.6,12.9,11.6,10,0,0,0,0,0,0,0,.000                         
Angels @ Yankees,NYY,Ryan McMahon,L,Kochanowicz,R,1,30,4,28,15,56,-33,3.1,5.4,12.7,21.1,23.2,27,-11,35,21,49,-34,2.6,5.7,13.3,20.1,22.7,10,0,0,0,0,0,0,0,.000                         
Angels @ Yankees,NYY,Amed Rosario,R,Kochanowicz,R,0,25,41,7,30,39,-41,2.7,6.2,22.8,5.9,12.9,20,-3,13,32,32,-42,1.9,6.5,23.3,5.6,12.7,10,0,0,0,0,0,0,0,.000                         
Angels @ Yankees,LAA,Yoan Moncada,S,Gil,R,1,23,59,4,-3,43,-29,5.3,5.2,12,16.7,20.9,16,27,10,0,36,-30,4.2,5.5,12.4,15.9,20.5,10,0,0,0,0,0,0,0,.000                         
Angels @ Yankees,NYY,Trent Grisham,L,Kochanowicz,R,1,23,18,5,25,34,-38,3.6,3.9,15.7,21.5,16.9,19,-3,11,30,28,-39,3,4.2,16.4,20.5,16.5,10,6,5,1,0,0,1,2,.200                         
Angels @ Yankees,NYY,Jazz Chisholm,L,Kochanowicz,R,1,26,20,15,27,34,-39,4.3,5.2,16.6,15.5,17.3,22,-1,26,32,28,-40,3.6,5.7,17.2,14.8,16.9,10,2,2,1,1,0,0,1,.500                         
Angels @ Yankees,LAA,Josh Lowe,L,Gil,R,1,20,65,1,0,33,-32,4,5.1,13.1,11.8,20.9,14,33,6,5,27,-34,3.2,5.3,13.7,11.3,20.5,6,3,3,1,0,1,0,0,.333                         
Angels @ Yankees,LAA,Jo Adell,R,Gil,R,1,23,75,-20,-11,45,-35,7.1,3.6,12.3,11.7,17.3,15,46,-10,-10,38,-37,5.9,4.1,12.5,11.1,16.9,9,5,4,1,0,0,1,3,.250                         
Angels @ Yankees,NYY,Austin Wells,L,Kochanowicz,R,1,28,13,17,34,40,-37,3.8,5.4,17.7,13.8,18,23,-8,24,38,33,-38,3.1,5.7,18.3,13.2,17.7,10,3,3,0,0,0,0,0,.000                         
Angels @ Yankees,LAA,Bryce Teodosio,R,Gil,R,0,15,58,-6,0,42,-28,3,3.9,13.1,8.4,23,10,35,-5,2,35,-30,2.6,4,13.4,8,22.5,-4,0,0,0,0,0,0,0,.000                         
Angels @ Yankees,LAA,Oswald Peraza,R,Gil,R,1,15,53,-12,8,40,-27,2.7,3.9,14.2,11.6,24.4,11,27,-7,11,33,-28,2.2,4.1,14.5,11,23.9,-1,0,0,0,0,0,0,0,.000                         
Angels @ Yankees,NYY,Jose Caballero,R,Kochanowicz,R,1,22,18,26,13,36,-34,2.5,6.1,14.7,15,18.4,19,6,24,17,30,-35,2.2,6,15.2,14.3,18.1,9,0,0,0,0,0,0,0,.000                         
Angels @ Yankees,LAA,Logan O'Hoppe,R,Gil,R,1,20,46,4,-6,65,-32,3.8,5.4,13.5,14.8,18.4,15,25,8,-5,58,-34,3.2,5.7,13.7,14.1,18.1,9,6,6,1,1,0,0,4,.167                         
Angels @ Yankees,LAA,Vaughn Grissom,R,Gil,R,0,0,0,0,0,0,0,0,0,0,0,0,0,0,0,0,0,0,0,0,0,0,0,-10,0,0,0,0,0,0,0,.000                         
Angels @ Yankees,LAA,Zach Neto,R,Gil,R,1,19,38,7,-1,44,-29,5.2,5.1,13.4,15.8,20,12,15,10,1,38,-30,4.4,5.2,13.6,15.1,19.7,10,6,5,0,0,0,1,0,.000                         
Angels @ Yankees,LAA,Nolan Schanuel,L,Gil,R,1,12,79,2,-17,41,-34,3.7,5.5,13.3,17.2,9.4,4,32,-1,-13,34,-36,2.7,5.3,13.9,16.4,9.2,10,7,7,0,0,0,0,1,.000                         
Angels @ Yankees,NYY,Ben Rice,L,Kochanowicz,R,1,20,28,1,27,27,-39,3.7,5.1,16.9,16.5,13.7,17,8,11,29,21,-40,3.1,5.6,17.3,15.8,13.4,10,6,5,1,0,0,1,0,.200                         
Red Sox @ Twins,BOS,Willson Contreras,R,Woods Rich.,R,1,-12,-6,-2,-23,23,10,3.2,4.9,10.5,13.1,30.4,-13,7,-4,-26,18,13,3.7,4.8,10,12.5,31.1,0,0,0,0,0,0,0,0,.000                         
Red Sox @ Twins,BOS,Trevor Story,R,Woods Rich.,R,1,-9,2,7,-21,22,1,2.7,5.8,11.2,7.5,28.3,-8,24,5,-24,16,4,3.2,5.7,10.7,7.2,29,-4,3,3,0,0,0,0,2,.000                         
Red Sox @ Twins,MIN,Josh Bell,S,Early,L,1,-29,-42,-29,-10,-1,37,2,3.7,13.7,12.1,27.2,-31,-32,-28,-17,-6,40,2.3,3.7,12.7,11.6,27.9,-3,0,0,0,0,0,0,0,.000                         
Red Sox @ Twins,MIN,Victor Caratini,S,Early,L,1,-23,-42,-21,8,-11,39,1.6,3.9,16.7,8.6,26.3,-25,-30,-19,-1,-15,42,1.9,4.1,15.3,8.2,26.9,-4,0,0,0,0,0,0,0,.000                         
Red Sox @ Twins,MIN,Byron Buxton,R,Early,L,1,-42,-38,-28,-10,-20,33,2.4,4,12.3,6.3,38.6,-42,-32,-26,-14,-23,36,2.7,4.1,11.8,6,39.6,-9,0,0,0,0,0,0,0,.000                         
Red Sox @ Twins,BOS,Isiah Kiner-Falefa,R,Woods Rich.,R,0,-6,-5,-3,-12,27,-8,1.2,5,16,6.4,15.1,-6,15,4,-17,22,-6,1.5,5.3,15.2,6.1,15.5,-2,4,4,3,0,0,0,0,.750                         
Red Sox @ Twins,BOS,Andruw Monasterio,R,Woods Rich.,R,0,-19,-30,-8,-15,10,5,1.8,4.6,10.6,10.9,28.8,-18,-12,-6,-17,5,8,2.3,4.7,10.3,10.5,29.5,-6,0,0,0,0,0,0,0,.000                         
Red Sox @ Twins,MIN,Tristan Gray,L,Early,L,0,-19,-43,-12,8,10,11,1.5,4.1,13.7,8.2,34,-23,-33,-9,-1,5,14,1.7,4.2,12.4,7.9,34.8,-8,2,2,0,0,0,0,1,.000                         
Red Sox @ Twins,BOS,Connor Wong,R,Woods Rich.,R,0,-17,-4,-16,-19,17,7,1.8,3.9,13.4,9.6,26.4,-18,10,-12,-23,12,10,2.1,4.1,12.7,9.2,27,-6,0,0,0,0,0,0,0,.000                         
Red Sox @ Twins,MIN,Trevor Larnach,L,Early,L,0,-28,-43,-24,-1,-7,35,1.4,3.7,15.1,10.6,32.4,-32,-33,-23,-10,-11,38,1.6,3.8,13.6,10.1,33.1,-7,0,0,0,0,0,0,0,.000                         
Red Sox @ Twins,MIN,Kody Clemens,L,Early,L,0,-29,-43,-22,2,-5,27,1.6,3.9,13.5,9.7,35.2,-32,-31,-22,-8,-9,30,1.9,4,12.2,9.3,36,-8,0,0,0,0,0,0,0,.000                         
Red Sox @ Twins,BOS,Carlos Narvaez,R,Woods Rich.,R,1,-5,-2,9,-16,17,0,2.3,5.2,11,11.6,26.8,-4,14,12,-18,12,3,2.7,5.3,10.7,11.1,27.4,-2,2,2,0,0,0,0,0,.000                         
Red Sox @ Twins,MIN,Austin Martin,R,Early,L,1,-17,-37,-16,4,-2,27,0.9,3.6,16.8,10.5,27.8,-18,-27,-11,-1,-6,30,1,3.9,16,10,28.4,-5,0,0,0,0,0,0,0,.000                         
Red Sox @ Twins,MIN,Ryan Kreidler,R,Early,L,1,-23,-44,-11,1,5,7,1.1,3.7,11.4,10.1,37.5,-25,-36,-7,-3,0,9,1.3,3.9,10.9,9.6,38.3,-9,0,0,0,0,0,0,0,.000                         
Red Sox @ Twins,MIN,Matt Wallner,L,Early,L,1,-39,-49,-21,6,-15,22,2,3.5,10.9,10.5,41.8,-43,-44,-20,-4,-19,25,2.2,3.5,9.8,10,42.8,-9,0,0,0,0,0,0,0,.000                         
Red Sox @ Twins,BOS,Wilyer Abreu,L,Woods Rich.,R,1,-5,0,-5,-15,24,-3,4.1,5.1,11.4,11.5,25.1,-3,18,-4,-21,19,-1,4.9,5.2,10.5,11,25.7,6,2,2,1,0,0,0,0,.500                         
Red Sox @ Twins,BOS,Ceddanne Rafaela,R,Woods Rich.,R,1,-15,-3,-10,-15,17,4,2.1,5,12.7,6.1,26.1,-15,6,-6,-19,12,6,2.3,5.2,12.2,5.8,26.7,-6,2,2,0,0,0,0,1,.000                         
Red Sox @ Twins,BOS,Jarren Duran,L,Woods Rich.,R,1,-12,-5,-8,-4,1,3,2.4,4.7,12.5,10.2,30.4,-12,10,-4,-11,-3,6,2.8,4.8,11.6,9.7,31.1,-4,3,3,1,0,1,0,1,.333                         
Red Sox @ Twins,MIN,Ryan Jeffers,R,Early,L,1,-27,-44,-14,-5,-9,44,0.9,4.7,14,10.3,30.9,-29,-36,-12,-10,-13,47,1.1,4.7,13.3,9.9,31.7,-7,0,0,0,0,0,0,0,.000                         
Red Sox @ Twins,MIN,James Outman,L,Early,L,0,-52,-47,-27,-13,-10,25,1.6,3.1,9,9.6,49.3,-55,-40,-27,-20,-14,28,1.8,3,8.2,9.2,50.5,-10,0,0,0,0,0,0,0,.000                         
Red Sox @ Twins,MIN,Brooks Lee,S,Early,L,1,-19,-38,-11,1,-3,29,1.4,4.8,16.5,7.3,25.1,-21,-26,-8,-8,-8,32,1.7,5,15.1,6.9,25.7,-4,0,0,0,0,0,0,0,.000                         
Red Sox @ Twins,BOS,Marcelo Mayer,L,Woods Rich.,R,1,-33,-18,-22,-21,-2,9,1.8,3.2,10.3,7.7,35.9,-35,-4,-20,-28,-6,12,2.1,3.2,9.4,7.4,36.8,-10,0,0,0,0,0,0,0,.000                         
Red Sox @ Twins,BOS,Roman Anthony,L,Woods Rich.,R,1,-14,-7,-10,-12,5,1,2.4,3.7,10.9,12.6,30.9,-16,7,-7,-20,0,4,2.7,3.8,10,12,31.6,-5,3,1,1,0,0,2,0,1.000                         
Red Sox @ Twins,BOS,Caleb Durbin,R,Woods Rich.,R,1,-4,-11,-6,0,6,-3,2,4.7,16.4,8.4,13.7,-2,11,0,-5,1,-1,2.5,5,15.5,8.1,14,4,3,2,0,0,0,1,1,.000                         
Red Sox @ Twins,MIN,Luke Keaschall,R,Early,L,1,-21,-39,-11,-7,-5,34,1.1,4.5,14,8.9,22.2,-23,-31,-8,-11,-9,37,1.2,4.7,13.3,8.5,22.7,-6,0,0,0,0,0,0,0,.000                         
Red Sox @ Twins,BOS,Masataka Yoshida,L,Woods Rich.,R,0,-7,-5,-2,-13,14,0,1.7,5.2,17.2,9.7,13.1,-8,16,4,-21,9,3,2.1,5.5,15.7,9.3,13.4,5,3,3,1,0,0,0,1,.333                         
Blue Jays @ Brewers,MIL,Gary Sanchez,R,Cease,R,1,-25,-5,-33,-20,22,49,2.7,2.8,10.3,13.6,44.3,-23,-9,-26,-19,17,38,2.6,3.1,10.4,13,41,-7,0,0,0,0,0,0,0,.000                         
Blue Jays @ Brewers,TOR,Tyler Heineman,S,Patrick,R,1,-20,-9,-6,-18,4,39,1.7,4.6,12.3,7.6,27.6,-15,5,1,-18,0,29,1.9,4.9,12.4,7.3,25.5,-6,0,0,0,0,0,0,0,.000                         
Blue Jays @ Brewers,MIL,Jake Bauers,L,Cease,R,1,0,28,-28,-8,37,38,4.4,3.3,12.1,17.4,37.9,-1,14,-21,-7,31,28,4,3.7,12.3,16.7,35.1,5,8,7,2,0,2,1,3,.286                         
Blue Jays @ Brewers,TOR,Eloy Jimenez,R,Patrick,R,0,0,0,0,0,0,0,0,0,0,0,0,0,0,0,0,0,0,0,0,0,0,0,-10,0,0,0,0,0,0,0,.000                         
Blue Jays @ Brewers,MIL,Luis Rengifo,S,Cease,R,0,-16,9,-26,-10,25,57,2.2,4,16,9.3,31.9,-14,0,-18,-9,20,45,2,4.4,16.2,9,29.5,-3,8,7,1,0,0,1,1,.143                         
Blue Jays @ Brewers,TOR,Jesus Sanchez,L,Patrick,R,1,-18,5,-21,-14,-7,20,2.9,4.2,12.3,9,30.2,-16,-5,-10,-12,-11,11,2.6,4.7,12.6,8.7,27.9,-4,2,2,1,0,0,0,0,.500                         
Blue Jays @ Brewers,MIL,William Contreras,R,Cease,R,1,-5,12,-21,-18,49,49,3.1,4.5,12.7,18,28.6,-5,2,-16,-17,43,38,2.9,4.8,12.9,17.3,26.5,8,9,9,1,0,0,0,4,.111                         
Blue Jays @ Brewers,TOR,Daulton Varsho,L,Patrick,R,1,-20,2,-14,-20,-4,27,3.8,4.5,10.6,8.2,34.1,-19,-7,-4,-18,-8,18,3.5,5,10.8,7.9,31.6,-5,0,0,0,0,0,0,0,.000                         
Blue Jays @ Brewers,MIL,Blake Perkins,S,Cease,R,1,-25,-2,-31,-18,21,55,1.8,3.2,10.8,14.2,43.7,-22,-4,-25,-17,16,43,1.8,3.5,11.1,13.7,40.5,-7,3,3,0,0,0,0,2,.000                         
Blue Jays @ Brewers,MIL,Brandon Lockridge,R,Cease,R,0,-16,23,-22,-14,32,55,1.6,3.5,13.5,10.8,36.4,-15,9,-19,-13,27,44,1.4,3.6,13.7,10.4,33.7,-7,0,0,0,0,0,0,0,.000                         
Blue Jays @ Brewers,TOR,Myles Straw,R,Patrick,R,0,-24,11,-17,-22,-4,44,2,4.3,12.3,7.5,28.6,-21,9,-13,-21,-8,33,1.9,4.5,12.6,7.2,26.5,-7,0,0,0,0,0,0,0,.000                         
Blue Jays @ Brewers,TOR,Nathan Lukes,L,Patrick,R,1,-13,12,-25,-5,-4,33,2.4,4.1,16.3,7.2,22,-10,1,-14,-2,-8,23,2.2,4.6,16.7,6.9,20.4,0,0,0,0,0,0,0,0,.000                         
Blue Jays @ Brewers,TOR,Vladimir Guerrero Jr.,R,Patrick,R,1,-16,1,-23,-14,0,41,2.8,4.3,15.4,10.6,20.1,-16,-8,-19,-12,-4,31,2.6,4.5,15.8,10.2,18.6,4,0,0,0,0,0,0,0,.000                         
Blue Jays @ Brewers,TOR,Andres Gimenez,L,Patrick,R,1,-27,1,-21,-20,-10,38,2.1,4.1,13.4,5.4,29.9,-24,-6,-13,-18,-14,28,1.9,4.5,13.7,5.2,27.7,-7,0,0,0,0,0,0,0,.000                         
Blue Jays @ Brewers,MIL,David Hamilton,L,Cease,R,1,-21,37,-32,-19,23,53,2.7,3.1,11.1,10.8,41.8,-19,21,-25,-16,18,42,2.3,3.4,11.4,10.4,38.7,-8,0,0,0,0,0,0,0,.000                         
Blue Jays @ Brewers,MIL,Brice Turang,L,Cease,R,1,-13,17,-41,-14,26,46,3.7,3.1,11.5,17.1,39.2,-13,7,-33,-13,21,35,3.3,3.5,11.7,16.4,36.3,2,11,10,2,0,0,1,2,.200                         
Blue Jays @ Brewers,MIL,Garrett Mitchell,L,Cease,R,1,-29,13,-44,-19,26,43,2.5,2.4,9.7,12.6,51.4,-28,-5,-38,-17,21,32,2.1,2.7,10,12.1,47.6,-9,0,0,0,0,0,0,0,.000                         
Blue Jays @ Brewers,TOR,Lenyn Sosa,R,Patrick,R,1,-16,7,-19,-12,-5,19,3.8,4.7,13.4,5.4,29.8,-15,1,-13,-12,-9,10,3.6,5.1,13.4,5.2,27.6,-3,4,4,0,0,0,0,1,.000                         
Blue Jays @ Brewers,TOR,Kazuma Okamoto,R,Patrick,R,1,-17,18,-9,-13,3,18,2.7,3.8,9.9,8.1,45.8,-14,10,-2,-12,-1,9,2.5,4.1,10,7.8,42.4,-9,0,0,0,0,0,0,0,.000                         
Blue Jays @ Brewers,MIL,Greg Jones,L,Cease,R,0,-43,-1,-31,-22,24,50,2.1,2.6,9.2,7.9,54.8,-38,-10,-23,-20,19,39,1.9,2.9,9.4,7.6,50.7,-10,0,0,0,0,0,0,0,.000                         
Blue Jays @ Brewers,TOR,Ernie Clement,R,Patrick,R,1,-10,-4,-16,-3,-3,32,2,4.7,18.3,4.9,15.9,-8,-2,-9,-2,-7,22,2.1,5.1,18.4,4.7,14.7,2,0,0,0,0,0,0,0,.000                         
Blue Jays @ Brewers,TOR,Davis Schneider,R,Patrick,R,0,-13,-4,-6,-18,8,21,2.9,3.9,10.2,15.5,35.4,-12,-6,1,-17,4,12,2.9,4.2,10.3,14.9,32.8,-2,0,0,0,0,0,0,0,.000                         
Blue Jays @ Brewers,TOR,Brandon Valenzuela,S,Patrick,R,0,-24,0,-9,-11,-5,24,2,3.6,11.2,6.4,41.3,-20,-6,-1,-10,-9,15,1.9,3.9,11.3,6.2,38.2,-9,0,0,0,0,0,0,0,.000                         
Blue Jays @ Brewers,MIL,Luis Matos,R,Cease,R,0,-3,28,-16,-6,31,38,3.2,4.4,15,9.2,25.9,-3,18,-10,-6,26,28,3,4.7,15,8.9,24,2,2,2,1,0,1,0,1,.500                         
Blue Jays @ Brewers,MIL,Sal Frelick,L,Cease,R,1,-4,14,-21,-11,37,32,2.4,4.4,15.4,13.6,20.7,-2,11,-15,-10,32,23,2.4,4.8,15.6,13,19.2,7,11,10,4,0,0,1,3,.400                         
Blue Jays @ Brewers,MIL,Joey Ortiz,R,Cease,R,1,-16,15,-31,-15,57,77,1.4,3.5,16.4,10.3,28.9,-14,11,-28,-14,51,64,1.4,3.6,16.6,9.9,26.8,-4,3,1,0,0,0,2,1,.000                         
Mets @ Dodgers,LAD,Miguel Rojas,R,Holmes,R,0,-18,-34,-24,-3,3,-10,1.3,4.2,17.2,7.8,13.1,-10,-26,-12,3,10,-13,1.5,4.9,18.2,8.4,12.7,4,2,2,0,0,0,0,1,.000                         
Mets @ Dodgers,NYM,Tommy Pham,R,Ohtani,R,0,-37,-24,-28,-10,-16,52,2.2,3.7,13.8,9.5,30.8,-31,-25,-18,-6,-10,47,2.2,4.3,14.4,10.2,29.8,-3,0,0,0,0,0,0,0,.000                         
Mets @ Dodgers,LAD,Freddie Freeman,L,Holmes,R,1,-11,-22,-15,8,0,-20,2.9,4.8,15.9,9.9,16,-4,-20,-7,16,7,-22,3,5.3,17.2,10.7,15.5,9,1,1,0,0,0,0,0,.000                         
Mets @ Dodgers,NYM,Marcus Semien,R,Ohtani,R,1,-41,-23,-34,-17,-16,59,2.2,3.2,12.6,9.5,31,-34,-18,-22,-13,-10,53,2.3,3.8,13.1,10.2,29.9,-5,3,2,0,0,0,1,0,.000                         
Mets @ Dodgers,LAD,Max Muncy,L,Holmes,R,1,-13,-25,1,2,-3,-16,2.8,4.1,12.9,14.8,20.9,-4,-20,10,10,5,-18,3,4.5,14,15.9,20.2,9,4,4,0,0,0,0,3,.000                         
Mets @ Dodgers,NYM,Jorge Polanco,S,Ohtani,R,1,-33,-22,-21,-15,-5,48,2.8,4.2,12.4,9.9,29.3,-25,-14,-14,-9,2,43,3.1,4.6,13.3,10.6,28.3,1,0,0,0,0,0,0,0,.000                         
Mets @ Dodgers,NYM,Francisco Lindor,S,Ohtani,R,1,-34,-22,-30,-11,-11,61,3,3.7,13.4,11.1,29.1,-27,-20,-22,-5,-4,55,3,4.1,14.3,11.9,28.2,3,0,0,0,0,0,0,0,.000                         
Mets @ Dodgers,LAD,Teoscar Hernandez,R,Holmes,R,1,-18,-32,-33,6,7,-20,2.1,3.4,15.9,7.9,20.7,-12,-33,-24,11,15,-23,2,3.8,16.6,8.5,20,-1,6,5,1,0,0,1,0,.200                         
Mets @ Dodgers,NYM,Luis Torrens,R,Ohtani,R,0,-39,-32,-34,-12,-3,50,1.7,3.7,16,6.8,30.5,-31,-26,-22,-8,4,45,1.9,4.3,16.7,7.3,29.4,-4,0,0,0,0,0,0,0,.000                         
Mets @ Dodgers,NYM,Tyrone Taylor,R,Ohtani,R,0,-42,-28,-24,-13,-5,56,1.6,4.2,13.9,6.3,35.6,-34,-27,-13,-9,2,51,1.6,4.8,14.6,6.7,34.4,-7,0,0,0,0,0,0,0,.000                         
Mets @ Dodgers,LAD,Shohei Ohtani,L,Holmes,R,1,-6,-13,-2,10,3,-19,3.8,4.7,13.5,13.2,23.7,1,-13,5,19,10,-21,3.8,5.1,14.5,14.1,22.9,9,2,0,0,0,0,2,0,.000                         
Mets @ Dodgers,LAD,Kyle Tucker,L,Holmes,R,1,-13,-32,0,0,-4,-15,2.1,5.2,16,10.7,16.1,-4,-28,12,8,3,-18,2.2,5.8,17.2,11.5,15.6,9,7,7,2,1,0,0,1,.286                         
Mets @ Dodgers,NYM,Bo Bichette,R,Ohtani,R,1,-29,-5,-24,-14,-6,51,1.7,4.4,16.7,7.3,23.6,-23,-7,-16,-10,1,46,1.7,4.9,17.6,7.8,22.8,1,5,3,1,1,0,2,0,.333                         
Mets @ Dodgers,NYM,Mark Vientos,R,Ohtani,R,0,-47,-30,-28,-16,-12,50,2.3,3.6,12.6,6.9,38.9,-40,-30,-19,-13,-5,44,2.3,4,13.2,7.4,37.6,-8,0,0,0,0,0,0,0,.000                         
Mets @ Dodgers,LAD,Will Smith,R,Holmes,R,1,-10,-24,0,1,2,-18,2.5,5,13.4,14.3,20.1,0,-21,18,6,10,-21,2.6,5.9,14,15.3,19.4,9,3,3,0,0,0,0,0,.000                         
Mets @ Dodgers,LAD,Santiago Espinal,R,Holmes,R,0,-16,-39,-22,-3,8,-16,0.8,4.4,18.1,7.9,11.3,-7,-27,-9,1,17,-19,0.9,5.1,19,8.5,10.9,5,0,0,0,0,0,0,0,.000                         
Mets @ Dodgers,LAD,Alex Call,R,Holmes,R,0,-17,-41,-26,-4,10,-8,1.1,3.2,14.3,14.5,18.2,-7,-29,-11,1,18,-11,1.4,3.9,15.1,15.5,17.6,5,1,1,1,0,0,0,0,1.000                         
Mets @ Dodgers,NYM,Luis Robert,R,Ohtani,R,1,-35,-9,-26,-12,-14,44,2.8,3.9,13.3,9,34.2,-30,-11,-18,-8,-8,39,2.7,4.4,13.9,9.7,33,-3,3,3,0,0,0,0,2,.000                         
Mets @ Dodgers,NYM,Jared Young,L,Ohtani,R,1,-50,-42,-10,-10,-13,38,1.5,3.7,10.3,9,44.6,-40,-38,-2,-2,-7,34,1.6,4,11.1,9.7,43.1,-9,0,0,0,0,0,0,0,.000                         
Mets @ Dodgers,LAD,Andy Pages,R,Holmes,R,1,-18,-36,-23,7,7,-14,2,4.5,15.5,8.8,19.9,-11,-37,-13,11,15,-17,2,5.1,16.2,9.5,19.2,3,2,2,0,0,0,0,0,.000                         
Mets @ Dodgers,NYM,Francisco Alvarez,R,Ohtani,R,1,-50,-26,-28,-14,-24,42,2.3,3.6,11.1,7.8,41.8,-42,-23,-18,-9,-18,37,2.4,4,11.6,8.4,40.4,-8,0,0,0,0,0,0,0,.000                         
Mets @ Dodgers,NYM,Brett Baty,L,Ohtani,R,1,-48,-28,-19,-18,-14,52,2.2,4,12,7.2,42,-40,-27,-11,-12,-7,47,2.3,4.3,12.8,7.7,40.6,-8,0,0,0,0,0,0,0,.000                         
Mets @ Dodgers,LAD,Dalton Rushing,L,Holmes,R,0,-9,-29,-5,11,15,-16,2.1,4.1,13.3,8.6,27,1,-24,2,19,23,-19,2.2,4.4,14.2,9.2,26.1,-3,0,0,0,0,0,0,0,.000                         
Mets @ Dodgers,LAD,Alex Freeland,S,Holmes,R,1,-14,-34,-2,6,11,-12,1.7,3.9,11,10.7,31.1,-3,-32,12,12,20,-15,1.7,4.5,11.6,11.5,30,-5,0,0,0,0,0,0,0,.000                         
Mets @ Dodgers,NYM,Carson Benge,L,Ohtani,R,1,-64,-24,-26,-20,-19,44,1.6,3,9.6,6.2,48,-54,-21,-18,-14,-13,39,1.7,3.3,10.4,6.7,46.4,-10,0,0,0,0,0,0,0,.000                         
Mets @ Dodgers,LAD,Hyeseong Kim,L,Holmes,R,1,-5,-37,-5,10,21,-22,1.2,3.9,14.9,7.9,23.4,5,-36,5,19,30,-25,1.2,4.4,16.1,8.5,22.7,-4,0,0,0,0,0,0,0,.000                         
Rockies @ Astros,HOU,Jose Altuve,R,Quintana,L,1,3,-10,-19,6,29,-25,3,4.2,16.1,13.7,14,3,-19,-15,6,29,-29,2.7,4.4,16.1,13.6,13.2,9,3,3,1,1,0,0,1,.333                         
Rockies @ Astros,HOU,Christian Vazquez,R,Quintana,L,1,18,23,-10,14,31,-37,2.8,5,18.3,11.1,11.7,17,0,-1,14,31,-40,2.3,5.5,18.2,11.1,11.1,10,0,0,0,0,0,0,0,.000                         
Rockies @ Astros,HOU,Christian Walker,R,Quintana,L,1,23,12,4,13,37,-37,4.1,5.3,14.4,14.1,18,24,8,10,11,36,-41,4,5.6,14.1,14.1,17,10,5,5,0,0,0,0,1,.000                         
Rockies @ Astros,HOU,Carlos Correa,R,Quintana,L,1,21,-2,-2,22,30,-42,2.5,5.3,21,13.1,11.9,21,-7,8,19,30,-45,2.3,5.8,20.5,13.1,11.3,10,3,2,1,0,1,1,0,.500                         
Rockies @ Astros,COL,Willi Castro,S,Arrighetti,R,1,7,39,9,-7,19,0,3.1,5.5,13.7,10.1,27.6,6,30,10,-8,19,-5,2.9,5.5,13.5,10.1,26.1,3,5,5,1,0,0,0,1,.200                         
Rockies @ Astros,COL,Brett Sullivan,L,Arrighetti,R,0,2,9,14,-5,23,4,2.5,5.1,13.9,8.4,25.3,1,-4,16,-6,23,-2,2.2,5.2,13.8,8.4,24,-2,0,0,0,0,0,0,0,.000                         
Rockies @ Astros,COL,Jake McCarthy,L,Arrighetti,R,0,-1,18,-1,-3,24,20,2.3,5.6,16.7,7.4,24.2,-3,0,-3,-2,23,13,1.9,5.5,16.8,7.4,22.9,1,0,0,0,0,0,0,0,.000                         
Rockies @ Astros,COL,Mickey Moniak,L,Arrighetti,R,1,5,3,-1,11,21,-3,3.4,5.1,15.3,7.7,26.7,4,-4,0,8,20,-8,3.2,5.2,14.9,7.7,25.2,2,2,2,0,0,0,0,1,.000                         
Rockies @ Astros,HOU,Taylor Trammell,L,Quintana,L,0,23,0,6,20,34,-27,2.7,4.5,13,14.3,25.1,22,-9,6,18,34,-31,2.5,4.5,12.8,14.2,23.7,4,0,0,0,0,0,0,0,.000                         
Rockies @ Astros,COL,Edouard Julien,L,Arrighetti,R,1,1,25,6,-7,17,4,2.9,4.5,12.3,14.9,33.4,-1,7,7,-8,17,-2,2.5,4.6,12.2,14.9,31.5,2,2,1,0,0,0,1,0,.000                         
Rockies @ Astros,HOU,Nick Allen,R,Quintana,L,0,19,24,-8,9,36,-38,1.6,4.4,18.7,10.6,14.3,17,-18,-2,9,36,-41,1.1,4.6,18.8,10.6,13.6,6,2,2,2,0,0,0,0,1.000                         
Rockies @ Astros,HOU,Yordan Alvarez,L,Quintana,L,1,21,12,26,8,21,-39,4.5,7.1,15.5,16.1,11.8,20,9,26,7,21,-42,4.4,7.1,15.2,16.1,11.1,10,3,2,2,0,1,1,0,1.000                         
Rockies @ Astros,HOU,Isaac Paredes,R,Quintana,L,1,16,6,-4,8,38,-34,3.5,4.6,14.2,16.6,13.6,13,-14,-2,9,38,-38,2.9,4.8,14.3,16.6,12.8,10,2,2,0,0,0,0,0,.000                         
Rockies @ Astros,COL,Tyler Freeman,R,Arrighetti,R,0,10,20,-4,9,29,2,1.5,5.1,20.7,10.4,14.1,11,-1,6,8,29,-4,1.2,5.6,20.5,10.4,13.3,9,0,0,0,0,0,0,0,.000                         
Rockies @ Astros,HOU,Yainer Diaz,R,Quintana,L,1,7,-6,-10,14,17,-27,3.1,5.1,21.1,5.9,12.9,8,-12,0,12,17,-31,2.9,5.6,20.8,5.9,12.2,9,2,2,1,0,0,0,0,.500                         
Rockies @ Astros,COL,Ezequiel Tovar,R,Arrighetti,R,1,-3,2,8,-5,16,6,2.4,6.1,14.1,7.2,30.2,0,-2,18,-6,16,0,2.3,6.6,14,7.1,28.5,-1,3,3,2,0,1,0,1,.667                         
Rockies @ Astros,COL,TJ Rumfield,L,Arrighetti,R,1,-2,2,13,-6,25,9,2.4,5.1,13.6,9.2,30.5,-2,-6,15,-7,25,3,2.2,5.1,13.5,9.2,28.8,-3,0,0,0,0,0,0,0,.000                         
Rockies @ Astros,COL,Brenton Doyle,R,Arrighetti,R,1,6,4,6,0,38,-1,2.6,5.5,15.2,10.5,28.5,8,1,12,-1,38,-6,2.5,5.8,15.2,10.4,27,4,3,3,0,0,0,0,0,.000                         
Rockies @ Astros,COL,Jordan Beck,R,Arrighetti,R,0,-8,-7,-4,-5,27,7,2,4.8,12.8,9.8,32.8,-4,-13,5,-4,27,1,1.9,5.2,12.9,9.7,31,-4,0,0,0,0,0,0,0,.000                         
Rockies @ Astros,COL,Troy Johnston,L,Arrighetti,R,1,5,21,1,-6,42,6,3.2,4.8,13,11.3,27.5,6,14,6,-8,42,0,3,5,12.8,11.2,26,2,2,2,0,0,0,0,1,.000                         
Rockies @ Astros,COL,Kyle Karros,R,Arrighetti,R,1,0,13,4,-4,24,5,1.9,4.5,12.5,12.6,30.7,2,2,10,-5,24,-1,1.8,4.7,12.4,12.6,29,-3,0,0,0,0,0,0,0,.000                         
Rockies @ Astros,HOU,Shay Whitcomb,R,Quintana,L,0,25,28,24,19,-5,-29,2.5,5,15.4,7.7,20.6,26,24,26,19,-5,-33,2.4,5,15.3,7.7,19.4,1,0,0,0,0,0,0,0,.000                         
Rockies @ Astros,HOU,Joey Loperfido,L,Quintana,L,0,12,-13,-14,22,20,-32,2,4.1,16.3,9,20.9,13,-13,-16,21,19,-36,2,4,16.2,9,19.8,0,2,2,0,0,0,0,2,.000                         
Rockies @ Astros,HOU,Brice Matthews,R,Quintana,L,1,10,8,18,16,-7,-17,3,4.9,11.4,9.3,31.9,11,-1,26,16,-7,-22,2.7,5.2,11.3,9.2,30.1,-4,0,0,0,0,0,0,0,.000                         
Rockies @ Astros,COL,Hunter Goodman,R,Arrighetti,R,1,2,1,-4,8,25,1,3.3,4.8,14.5,9.5,30.7,2,-8,2,7,25,-4,3,5.1,14.3,9.5,29,1,0,0,0,0,0,0,0,.000                         
Rockies @ Astros,HOU,Cam Smith,R,Quintana,L,1,6,-3,-22,9,30,-23,2.5,3.4,14.1,13.1,21.7,7,-15,-12,8,30,-27,2.2,3.8,14,13.1,20.5,3,0,0,0,0,0,0,0,.000                         
Royals @ Tigers,KC ,Starling Marte,R,Flaherty,R,0,6,-12,-14,14,29,-1,2.3,4.9,19.2,8.4,22.4,8,5,-12,11,31,6,2.7,5.1,18.8,8.6,24,6,5,5,2,0,2,0,1,.400                         
Royals @ Tigers,KC ,Salvador Perez,R,Flaherty,R,1,17,-4,7,20,27,-9,3.9,7,18.3,8.5,18.5,20,12,7,17,28,-2,4.5,7.1,17.9,8.6,19.8,10,5,5,1,0,1,0,0,.200                         
Royals @ Tigers,DET,Javier Baez,R,Lugo,R,1,21,11,22,8,15,-22,2.4,6.2,18.2,5,18.7,22,26,22,5,17,-16,2.8,6.2,17.7,5.1,20.1,5,13,11,4,0,1,2,2,.364                         
Royals @ Tigers,DET,Gleyber Torres,R,Lugo,R,1,15,9,14,1,8,-27,2.2,5.5,14.9,16.5,15.4,18,23,19,0,9,-21,2.4,5.8,14.6,16.7,16.5,10,15,13,5,0,0,2,3,.385                         
Royals @ Tigers,DET,Zach McKinstry,L,Lugo,R,1,18,7,11,-1,29,-21,2.6,6.3,14.9,12,17.8,25,26,25,-3,31,-15,3.1,7.1,14.5,12.1,19.1,10,17,15,4,1,1,2,0,.267                         
Royals @ Tigers,KC ,Lane Thomas,R,Flaherty,R,0,14,-7,-13,7,48,-1,2,4.4,13.2,16.2,28.9,15,5,-11,4,49,6,2.3,4.5,12.9,16.4,31,3,13,12,3,0,2,1,5,.250                         
Royals @ Tigers,DET,Jahmai Jones,R,Lugo,R,0,10,19,-2,-11,14,-18,3.2,4.4,11,12.9,23.2,13,28,3,-11,15,-12,3.4,4.6,11,13.1,24.8,3,5,5,2,0,1,0,0,.400                         
Royals @ Tigers,KC ,Jonathan India,R,Flaherty,R,1,19,-9,-12,16,42,-9,2.4,4.1,15,18.4,20.2,22,4,-9,14,44,-2,2.8,4.2,14.8,18.6,21.7,9,3,3,1,0,1,0,1,.333                         
Royals @ Tigers,DET,Matt Vierling,R,Lugo,R,0,16,16,7,0,20,-19,2.4,5.3,15.2,13,19.4,18,31,11,-2,21,-13,2.7,5.5,14.9,13.1,20.9,8,13,13,5,0,0,0,1,.385                         
Royals @ Tigers,KC ,Kyle Isbel,L,Flaherty,R,1,21,8,-4,14,45,-7,1.8,5.1,19.3,12.3,17,23,20,7,11,47,0,2,5.6,18.8,12.4,18.3,9,4,4,0,0,0,0,2,.000                         
Royals @ Tigers,DET,Jake Rogers,R,Lugo,R,0,12,5,13,1,5,-17,2.6,5.2,13.1,9.7,25,16,22,19,-1,7,-11,3,5.5,12.8,9.8,26.8,2,6,6,0,0,0,0,3,.000                         
Royals @ Tigers,KC ,Maikel Garcia,R,Flaherty,R,1,15,-3,-15,5,51,0,1.8,4.6,19,17.2,13.2,18,13,-10,3,53,7,2.1,4.9,18.6,17.5,14.2,10,5,5,2,1,0,0,0,.400                         
Royals @ Tigers,DET,Wenceel Perez,S,Lugo,R,0,19,13,6,3,23,-23,3,5.5,15.5,10.2,19.7,24,24,21,1,25,-18,3.3,6.3,15.1,10.4,21.2,8,10,10,4,1,0,0,2,.400                         
Royals @ Tigers,KC ,Bobby Witt Jr.,R,Flaherty,R,1,13,-7,-8,7,44,-12,3.2,5.3,16.3,13.1,17.2,17,11,-5,6,46,-5,3.8,5.4,16.1,13.3,18.4,10,6,6,2,0,0,0,1,.333                         
Royals @ Tigers,DET,Spencer Torkelson,R,Lugo,R,1,17,20,2,5,8,-22,3.9,4.7,13,14.5,23.1,21,37,5,4,9,-16,4.5,4.8,12.9,14.7,24.8,9,19,16,3,1,0,3,7,.188                         
Royals @ Tigers,DET,Kerry Carpenter,L,Lugo,R,1,25,7,15,15,15,-28,3.7,5.4,14.9,12.4,21.4,31,23,27,11,17,-23,4.3,6,14.4,12.6,23,10,20,18,5,0,0,2,3,.278                         
Royals @ Tigers,DET,Riley Greene,L,Lugo,R,1,22,8,16,8,18,-25,4.2,6.2,14.3,12.6,21.2,29,24,29,5,19,-20,4.8,6.9,14,12.8,22.7,10,19,16,4,2,1,3,6,.250                         
Royals @ Tigers,KC ,Vinnie Pasquantino,L,Flaherty,R,1,15,-4,-12,16,40,-12,3.7,5,17.6,12.9,14.8,18,5,-2,12,41,-6,4.1,5.6,17,13.1,15.9,10,6,4,2,1,0,2,0,.500                         
Royals @ Tigers,KC ,Tyler Tolbert,R,Flaherty,R,0,6,-2,-2,-5,53,7,2.1,4.3,13.6,10.1,28.2,6,7,1,-6,55,15,2.3,4.4,13.4,10.2,30.2,-4,0,0,0,0,0,0,0,.000                         
Royals @ Tigers,KC ,Isaac Collins,S,Flaherty,R,1,15,-13,-19,0,51,-3,1.8,3.8,12.5,20.2,23.5,17,-9,-11,0,53,4,1.8,4.1,12.6,20.5,25.2,7,0,0,0,0,0,0,0,.000                         
Royals @ Tigers,KC ,Michael Massey,L,Flaherty,R,0,21,15,-15,17,47,-17,3,4.7,19.1,10.2,15.2,24,24,-5,15,48,-11,3.3,5.2,18.7,10.3,16.3,10,2,2,1,0,0,0,1,.500                         
Royals @ Tigers,DET,Colt Keith,L,Lugo,R,1,8,-13,4,7,8,-22,2.7,5.1,16,11.1,18.3,15,4,15,6,9,-16,3.2,5.6,15.8,11.2,19.6,9,17,15,4,1,0,2,2,.267                         
Royals @ Tigers,DET,Dillon Dingler,R,Lugo,R,1,16,1,8,0,22,-25,2.8,5.7,13.5,10.7,21,22,22,14,-1,24,-19,3.4,5.9,13.3,10.8,22.5,6,12,11,3,1,1,1,3,.273                         
Royals @ Tigers,KC ,Jac Caglianone,L,Flaherty,R,1,6,-34,-10,0,55,1,1.5,4.3,13.7,14.5,28.3,11,-8,-2,-2,57,8,2,4.8,13.4,14.7,30.4,2,0,0,0,0,0,0,0,.000                         
Royals @ Tigers,KC ,Carter Jensen,L,Flaherty,R,1,9,2,-11,-3,38,-1,3.2,4.2,12.5,14.2,28.9,12,10,0,-5,40,6,3.5,4.8,12.1,14.4,31,5,0,0,0,0,0,0,0,.000                         
Royals @ Tigers,DET,Kevin McGonigle,L,Lugo,R,1,9,27,-10,1,3,-18,3,4.6,13.5,9,19.9,15,48,-1,-1,4,-12,3.5,5.1,13.2,9.1,21.4,4,0,0,0,0,0,0,0,.000                         
Giants @ Reds,CIN,Eugenio Suarez,R,Mahle,R,1,15,26,-1,11,-15,3,5.2,4.6,11.6,8.5,36.8,6,2,2,11,-19,-1,4.2,4.7,11.7,8,35.6,-3,0,0,0,0,0,0,0,.000                         
Giants @ Reds,SF ,Willy Adames,R,Lowder,R,1,10,-7,-9,-4,26,-12,3.4,4.1,11.6,15.9,24.7,3,-29,-6,-4,19,-15,2.6,4.3,11.7,15.1,23.9,3,2,2,0,0,0,0,0,.000                         
Giants @ Reds,SF ,Rafael Devers,L,Lowder,R,1,11,-4,-4,-8,25,-12,3.6,4.3,11.3,15.8,26.2,5,-23,3,-9,19,-15,2.8,4.6,11.2,15,25.3,4,0,0,0,0,0,0,0,.000                         
Giants @ Reds,SF ,Luis Arraez,L,Lowder,R,1,11,16,-6,9,21,8,1.5,4.7,24,7.4,8.9,5,-29,-7,8,15,4,0.9,4.7,23.7,7,8.6,8,0,0,0,0,0,0,0,.000                         
Giants @ Reds,SF ,Matt Chapman,R,Lowder,R,1,10,-11,-5,5,15,-5,2,4.5,15.8,15.2,20.8,6,-31,0,6,10,-9,1.5,4.8,15.8,14.4,20.1,6,0,0,0,0,0,0,0,.000                         
Giants @ Reds,CIN,Ke'Bryan Hayes,R,Mahle,R,1,25,97,8,16,-7,-11,2.7,5.6,19.2,8.8,16.5,16,26,10,15,-12,-14,1.7,5.8,19,8.4,16,7,0,0,0,0,0,0,0,.000                         
Giants @ Reds,CIN,Tyler Stephenson,R,Mahle,R,1,23,46,6,11,-5,5,4.4,5.3,13.5,9.2,36.6,10,0,7,11,-10,1,3,5.3,13.6,8.7,35.4,-3,0,0,0,0,0,0,0,.000                         
Giants @ Reds,CIN,Nathaniel Lowe,L,Mahle,R,0,18,39,18,16,-18,-4,3.7,6,16.3,11,22.4,10,5,22,14,-22,-8,2.8,6.2,15.9,10.4,21.6,8,0,0,0,0,0,0,0,.000                         
Giants @ Reds,SF ,Harrison Bader,R,Lowder,R,1,23,7,13,3,34,-13,3.5,5.5,14,11.2,25.6,15,-21,16,4,27,-16,2.6,5.6,14.1,10.6,24.7,4,0,0,0,0,0,0,0,.000                         
Giants @ Reds,CIN,P.J. Higgins,R,Mahle,R,0,0,0,0,0,0,0,0,0,0,0,0,0,0,0,0,0,0,0,0,0,0,0,-10,0,0,0,0,0,0,0,.000                         
Giants @ Reds,CIN,Will Benson,L,Mahle,R,0,25,58,1,11,-11,-1,5.6,4.9,13.2,9.2,30.7,14,19,9,10,-16,-4,4.2,5.3,13.2,8.7,29.6,3,0,0,0,0,0,0,0,.000                         
Giants @ Reds,SF ,Jerar Encarnacion,R,Lowder,R,0,22,4,10,11,16,-14,2.8,5.4,16.3,8,25.5,16,-20,15,10,11,-17,2.1,5.6,16.3,7.6,24.6,1,0,0,0,0,0,0,0,.000                         
Giants @ Reds,SF ,Jared Oliva,R,Lowder,R,0,19,88,-2,-3,-10,-1,3,4.1,13.1,4.6,26.9,0,-11,0,-3,-15,-5,1.4,4.2,13.1,4.4,25.9,-9,0,0,0,0,0,0,0,.000                         
Giants @ Reds,CIN,Dane Myers,R,Mahle,R,0,18,52,0,11,-7,0,3,5.2,16.5,7.3,26.1,10,5,1,11,-12,-3,2,5.3,16.5,6.9,25.2,-1,0,0,0,0,0,0,0,.000                         
Giants @ Reds,CIN,Spencer Steer,R,Mahle,R,1,19,16,25,13,-7,1,3.7,6.2,16,8.8,25.4,11,-13,24,14,-12,-3,2.8,6.2,16.1,8.3,24.5,5,0,0,0,0,0,0,0,.000                         
Giants @ Reds,SF ,Casey Schmitt,R,Lowder,R,1,12,11,8,-12,28,-5,3.3,5.9,12.1,9.1,24.7,5,-14,8,-11,21,-8,2.5,5.9,12.4,8.7,23.8,-1,0,0,0,0,0,0,0,.000                         
Giants @ Reds,CIN,TJ Friedl,L,Mahle,R,1,12,48,3,17,-20,2,2.6,4.7,16.9,10.4,22,5,1,9,16,-24,-1,1.8,5,16.9,9.9,21.2,3,0,0,0,0,0,0,0,.000                         
Giants @ Reds,SF ,Heliot Ramos,R,Lowder,R,1,17,9,0,8,23,-8,2.8,5,16.3,10.6,22.7,11,-18,5,7,16,-11,2.1,5.3,16.2,10.1,21.9,4,0,0,0,0,0,0,0,.000                         
Giants @ Reds,SF ,Patrick Bailey,S,Lowder,R,1,22,17,10,5,20,-11,2.6,5,15.4,10.3,23.7,14,-18,14,5,14,-14,1.8,5.2,15.5,9.8,22.9,1,0,0,0,0,0,0,0,.000                         
Giants @ Reds,CIN,Rece Hinds,R,Mahle,R,1,28,17,33,8,-7,-3,3.4,6,12.3,5.8,35.8,20,-9,37,9,-11,-6,2.7,6.2,12.3,5.5,34.6,-6,0,0,0,0,0,0,0,.000                         
Giants @ Reds,CIN,Matt McLain,R,Mahle,R,1,21,41,11,17,-20,-10,3.7,5.3,15.1,8.6,27.6,10,-7,14,17,-24,-13,2.4,5.5,15.2,8.2,26.6,1,0,0,0,0,0,0,0,.000                         
Giants @ Reds,CIN,Elly De La Cruz,S,Mahle,R,1,15,31,13,7,-14,0,2.7,5.8,14.9,7.8,28.3,10,5,16,6,-18,-3,2.2,6,14.7,7.5,27.3,-2,0,0,0,0,0,0,0,.000                         
Giants @ Reds,SF ,Christian Koss,R,Lowder,R,0,23,15,-7,9,35,-17,2.6,4.2,15.7,8.3,22,15,-20,-6,11,29,-20,1.8,4.3,15.9,7.9,21.2,-2,0,0,0,0,0,0,0,.000                         
Giants @ Reds,SF ,Daniel Susac,R,Lowder,R,0,17,17,-3,-5,25,-12,2.4,3.9,12.3,8.1,27.7,10,-11,-1,-5,19,-15,1.9,4,12.4,7.7,26.8,-7,0,0,0,0,0,0,0,.000                         
Giants @ Reds,CIN,Sal Stewart,R,Mahle,R,1,19,22,20,11,-7,-6,4,5.1,15.8,10.1,23.4,11,-7,27,11,-12,-9,3,5.4,15.8,9.6,22.6,6,0,0,0,0,0,0,0,.000                         
Giants @ Reds,SF ,Jung Hoo Lee,L,Lowder,R,1,10,16,-8,2,24,0,1.7,4.9,18.3,11.4,13.5,5,-23,-4,1,18,-4,1.1,5,18.2,10.9,13,6,0,0,0,0,0,0,0,.000                         
Rays @ White Sox,CHW,Reese McGuire,L,Scholtens,R,0,16,-10,0,21,8,-6,2.2,5.4,19.7,5.8,23,22,7,6,23,7,-6,2.6,5.7,20,5.8,23.2,6,0,0,0,0,0,0,0,.000                         
Rays @ White Sox,TB ,Jake Fraley,L,Burke,R,1,-6,-26,-11,-10,22,33,1.5,4.6,13.1,11.5,30.2,-1,-14,-2,-10,22,34,1.8,5,13.1,11.4,30.4,-3,0,0,0,0,0,0,0,.000                         
Rays @ White Sox,CHW,Andrew Benintendi,L,Scholtens,R,1,10,-15,-2,8,23,-3,2.7,5.1,14.6,12.5,20.6,16,-2,8,8,22,-2,3.1,5.6,14.6,12.5,20.7,8,0,0,0,0,0,0,0,.000                         
Rays @ White Sox,TB ,Yandy Diaz,R,Burke,R,1,12,-13,4,6,28,22,1.9,5.6,19,14.7,18,17,5,8,10,27,23,2.3,5.8,19.6,14.7,18.2,10,6,4,2,1,0,2,0,.500                         
Rays @ White Sox,CHW,Derek Hill,R,Scholtens,R,0,8,-13,-5,5,14,-3,2.2,5,14.4,8.3,31.9,16,8,2,5,13,-3,2.7,5.4,14.5,8.2,32.1,-2,0,0,0,0,0,0,0,.000                         
Rays @ White Sox,TB ,Cedric Mullins,L,Burke,R,1,-12,-30,-11,-16,13,41,1.4,4.1,10,13.4,38.3,-7,-18,-3,-16,12,42,1.6,4.5,10.1,13.3,38.6,-7,0,0,0,0,0,0,0,.000                         
Rays @ White Sox,TB ,Nick Fortes,R,Burke,R,1,8,-1,21,-3,17,32,1.9,5.9,15.9,8,25.3,12,8,27,-2,17,33,2,6.2,16,8,25.5,2,4,3,0,0,0,1,1,.000                         
Rays @ White Sox,TB ,Jonathan Aranda,L,Burke,R,1,-4,-18,-11,-6,11,22,2.8,4.2,12.8,13.4,33.7,1,-8,-5,-4,11,23,3.1,4.5,13.1,13.4,33.9,2,2,2,1,0,0,0,0,.500                         
Rays @ White Sox,TB ,Ryan Vilade,R,Burke,R,0,-19,-26,-12,-13,6,40,1.5,3.8,11.3,7.2,45.3,-15,-14,-10,-12,6,41,1.7,3.9,11.4,7.2,45.7,-10,0,0,0,0,0,0,0,.000                         
Rays @ White Sox,TB ,Taylor Walls,S,Burke,R,1,5,-31,0,0,28,23,1.3,4.6,15.1,12.5,29.6,10,-18,10,1,28,24,1.6,5,15.3,12.5,29.8,1,2,2,1,0,1,0,1,.500                         
Rays @ White Sox,CHW,Tristan Peters,L,Scholtens,R,1,17,-4,-4,6,14,-5,1.8,3.4,12.5,7.7,35.4,24,9,5,8,14,-4,2,3.8,12.7,7.7,35.7,-8,0,0,0,0,0,0,0,.000                         
Rays @ White Sox,TB ,Jonny DeLuca,R,Burke,R,0,-3,-13,-1,-4,14,38,1.5,5.3,15.3,6.8,30.2,-2,-13,1,-3,13,39,1.5,5.4,15.5,6.8,30.5,-5,0,0,0,0,0,0,0,.000                         
Rays @ White Sox,TB ,Hunter Feduccia,L,Burke,R,0,-4,-17,-22,-15,32,33,1.4,3.3,11.3,14.1,37.3,0,-10,-14,-14,32,34,1.5,3.6,11.4,14.1,37.6,-7,0,0,0,0,0,0,0,.000                         
Rays @ White Sox,CHW,Everson Pereira,R,Scholtens,R,0,13,-7,5,0,16,2,2.1,4.3,11.3,10.2,38,19,6,8,2,15,2,2.4,4.4,11.6,10.2,38.3,-7,0,0,0,0,0,0,0,.000                         
Rays @ White Sox,CHW,Miguel Vargas,R,Scholtens,R,1,4,-21,-7,2,13,1,2.5,4.4,14.1,18.3,22.4,8,-14,-3,5,13,2,2.7,4.6,14.4,18.3,22.6,9,0,0,0,0,0,0,0,.000                         
Rays @ White Sox,TB ,Richie Palacios,L,Burke,R,0,15,-9,-5,3,37,19,1.8,4.2,15.4,17.3,25.5,19,2,4,4,37,20,2,4.6,15.6,17.2,25.7,8,2,1,1,0,0,1,0,1.000                         
Rays @ White Sox,CHW,Luisangel Acuna,R,Scholtens,R,1,21,0,6,20,13,-4,1.2,5.1,19.4,8.4,19.8,25,12,10,22,13,-3,1.3,5.3,19.8,8.4,20,5,0,0,0,0,0,0,0,.000                         
Rays @ White Sox,CHW,Dustin Harris,L,Scholtens,R,1,8,7,-4,1,-1,-1,2.1,4,12.4,6.8,31.3,13,18,4,1,-2,0,2.3,4.3,12.5,6.8,31.5,-7,0,0,0,0,0,0,0,.000                         
Rays @ White Sox,TB ,Junior Caminero,R,Burke,R,1,9,-3,15,-3,26,26,3.6,6.5,15.5,11.3,23.9,14,9,18,-2,25,27,4,6.7,15.8,11.3,24.1,10,4,4,2,0,1,0,2,.500                         
Rays @ White Sox,CHW,Tanner Murray,R,Scholtens,R,0,10,-7,1,5,1,0,1.7,4,13.3,6,34,15,6,6,7,1,1,2,4.2,13.5,6,34.2,-8,0,0,0,0,0,0,0,.000                         
Rays @ White Sox,CHW,Colson Montgomery,L,Scholtens,R,1,14,-7,7,-10,30,-6,3.3,5,10.3,12.2,31.7,21,5,16,-9,30,-5,3.7,5.4,10.5,12.2,31.9,2,0,0,0,0,0,0,0,.000                         
Rays @ White Sox,CHW,Edgar Quero,S,Scholtens,R,1,17,-16,5,22,7,-2,1.3,5.2,20.5,10,19.9,22,-4,13,25,7,-1,1.5,5.6,20.9,10,20.1,8,0,0,0,0,0,0,0,.000                         
Rays @ White Sox,TB ,Chandler Simpson,L,Burke,R,1,15,17,16,13,3,30,1.1,5.8,22.5,6.1,12.8,17,24,21,14,3,31,1.1,6,22.8,6.1,13,8,6,6,0,0,0,0,1,.000                         
Rays @ White Sox,CHW,Chase Meidroth,R,Scholtens,R,1,17,5,22,10,5,-2,1.6,6.1,18.4,10.7,15.1,20,8,32,11,5,-1,1.6,6.6,18.6,10.7,15.2,9,0,0,0,0,0,0,0,.000                         
Rays @ White Sox,CHW,Munetaka Murakami,L,Scholtens,R,1,9,-3,-2,-2,12,3,2.5,3.9,12.2,8.9,37.5,16,11,8,0,12,4,2.8,4.3,12.4,8.9,37.8,-6,0,0,0,0,0,0,0,.000                         
Rays @ White Sox,TB ,Ben Williamson,R,Burke,R,1,12,-17,8,9,22,25,1,5.3,19,9.8,25.2,16,1,12,11,21,26,1.2,5.5,19.4,9.8,25.4,4,0,0,0,0,0,0,0,.000                         
Diamondbacks @ Orioles,ARI,James McCann,R,Bradish,R,1,-26,-20,-24,-21,34,32,2.4,4,12.3,8.7,34.9,-29,-20,-26,-23,37,38,2.4,3.9,11.9,8.9,36.6,-8,0,0,0,0,0,0,0,.000                         
Diamondbacks @ Orioles,ARI,Ildemaro Vargas,S,Bradish,R,1,-2,11,-3,-6,10,34,1.8,5.1,17.7,6.7,15.9,-6,20,-12,-10,12,41,1.9,4.6,17,6.8,16.6,1,3,3,0,0,0,0,2,.000                         
Diamondbacks @ Orioles,ARI,Nolan Arenado,R,Bradish,R,1,-8,-23,-18,-5,36,38,1.5,4.4,15.6,10.2,19.8,-9,-7,-25,-9,39,45,1.9,4,15.1,10.4,20.8,-1,2,2,0,0,0,0,1,.000                         
Diamondbacks @ Orioles,ARI,Aramis Garcia,R,Bradish,R,0,-35,-14,-26,-20,29,29,1.7,3.6,10.3,8.3,42.9,-39,-13,-31,-23,32,35,1.7,3.3,10,8.5,45,-10,0,0,0,0,0,0,0,.000                         
Diamondbacks @ Orioles,ARI,Ketel Marte,S,Bradish,R,1,-6,13,-30,-6,19,33,3.9,3.3,14.6,13.4,22.7,-9,9,-31,-11,21,39,3.7,3.3,13.8,13.7,23.8,6,3,2,2,0,1,1,0,1.000                         
Diamondbacks @ Orioles,BAL,Taylor Ward,R,Rodriguez,L,1,12,-13,39,11,2,-19,2.5,5.8,15.1,16.5,20.2,8,-15,32,7,4,-15,2.4,5.5,14.5,16.9,21.2,9,3,3,0,0,0,0,2,.000                         
Diamondbacks @ Orioles,BAL,Pete Alonso,R,Rodriguez,L,1,5,-36,24,13,1,-19,2.2,6.4,16.7,10,20.9,3,-31,19,8,4,-15,2.4,6.2,16,10.2,21.9,7,8,7,2,1,0,1,2,.286                         
Diamondbacks @ Orioles,BAL,Weston Wilson,R,Rodriguez,L,0,20,-18,24,25,7,-29,2.2,5.3,15.4,12.2,22.1,17,-10,11,21,10,-26,2.4,4.7,14.8,12.5,23.1,5,5,4,1,0,1,1,3,.250                         
Diamondbacks @ Orioles,ARI,Luken Baker,R,Bradish,R,0,-31,-32,-28,-18,11,31,1.9,3,9.7,13.7,36.7,-32,-25,-32,-21,13,38,2.1,2.9,9.3,14,38.5,-8,0,0,0,0,0,0,0,.000                         
Diamondbacks @ Orioles,BAL,Leody Taveras,S,Rodriguez,L,1,17,-1,14,22,1,-18,2.5,6.1,17.1,9.9,21,11,-18,17,17,3,-14,2.1,6.2,16.4,10.2,22,6,0,0,0,0,0,0,0,.000                         
Diamondbacks @ Orioles,BAL,Maverick Handley,R,Rodriguez,L,0,27,-27,50,22,8,-25,1.9,6.2,13.7,7.4,27.7,21,-19,34,17,10,-22,2.1,5.5,13.2,7.6,29.1,-5,0,0,0,0,0,0,0,.000                         
Diamondbacks @ Orioles,BAL,Jeremiah Jackson,R,Rodriguez,L,1,10,-33,13,21,-6,-22,1.6,5.1,15.9,6.5,23.7,4,-30,4,16,-4,-18,1.6,4.7,15.2,6.6,24.8,-5,0,0,0,0,0,0,0,.000                         
Diamondbacks @ Orioles,BAL,Johnathan Rodriguez,R,Rodriguez,L,0,23,-16,38,22,-4,-31,2,5.8,17,9.1,20.6,17,-14,26,17,-2,-28,2.1,5.3,16.3,9.3,21.6,3,0,0,0,0,0,0,0,.000                         
Diamondbacks @ Orioles,ARI,Geraldo Perdomo,S,Bradish,R,1,-4,15,-23,-7,13,41,3.6,3.7,15.3,14.9,18.1,-9,2,-24,-11,15,48,3.2,3.7,14.5,15.3,18.9,8,2,1,0,0,0,1,1,.000                         
Diamondbacks @ Orioles,BAL,Blaze Alexander,R,Rodriguez,L,1,13,-13,42,7,-3,-13,2.5,6.8,13.7,7.6,28.9,4,-17,28,4,-1,-9,2.4,6.1,13.3,7.8,30.3,-3,0,0,0,0,0,0,0,.000                         
Diamondbacks @ Orioles,ARI,Alek Thomas,L,Bradish,R,1,-18,33,-24,-17,13,32,3,4.1,13.2,6.5,35,-24,16,-24,-19,16,38,2.6,4.1,12.8,6.7,36.7,-8,3,3,1,0,0,0,1,.333                         
Diamondbacks @ Orioles,ARI,Jorge Barrosa,S,Bradish,R,1,-38,-34,-29,-18,14,39,1.2,3.1,11.6,8.8,39.9,-43,-34,-33,-22,17,45,1.2,2.9,11,9,41.8,-10,0,0,0,0,0,0,0,.000                         
Diamondbacks @ Orioles,ARI,Adrian Del Castillo,L,Bradish,R,1,-39,-17,-36,-16,9,28,2.4,2.8,9.3,9,43.7,-44,-23,-34,-21,11,34,2.2,2.9,8.8,9.2,45.8,-10,0,0,0,0,0,0,0,.000                         
Diamondbacks @ Orioles,BAL,Colton Cowser,L,Rodriguez,L,1,5,-11,4,11,4,-19,3,4.6,12.6,10.8,28.3,2,-19,12,7,6,-15,2.7,5,12,11.1,29.6,-2,0,0,0,0,0,0,0,.000                         
Diamondbacks @ Orioles,ARI,Corbin Carroll,L,Bradish,R,1,-13,5,-27,-6,5,28,3.9,3.3,13.2,14.2,32.9,-17,-3,-24,-11,7,35,3.6,3.4,12.5,14.5,34.5,2,3,3,1,0,0,0,1,.333                         
Diamondbacks @ Orioles,BAL,Gunnar Henderson,L,Rodriguez,L,1,8,-20,6,21,-6,-21,2.1,5.3,18.5,11.1,16.3,5,-27,7,16,-3,-17,1.9,5.4,17.8,11.3,17,8,2,2,0,0,0,0,0,.000                         
Diamondbacks @ Orioles,BAL,Dylan Beavers,L,Rodriguez,L,0,13,-27,12,37,-10,-26,2,5.1,16.5,9.7,21.5,9,-33,15,30,-8,-23,1.9,5.2,15.6,9.9,22.5,2,0,0,0,0,0,0,0,.000                         
Diamondbacks @ Orioles,BAL,Coby Mayo,R,Rodriguez,L,1,24,-19,36,24,2,-30,1.8,6.4,13.4,11,22.4,19,-8,22,20,4,-27,2,5.8,12.9,11.3,23.4,2,0,0,0,0,0,0,0,.000                         
Diamondbacks @ Orioles,BAL,Samuel Basallo,L,Rodriguez,L,1,13,-25,6,26,4,-18,1.9,4.5,16.9,5.8,24.6,10,-32,13,20,6,-15,1.8,4.8,16.2,5.9,25.8,-4,0,0,0,0,0,0,0,.000                         
Diamondbacks @ Orioles,ARI,Tim Tawa,R,Bradish,R,0,-27,-25,-24,-18,27,26,1.8,3.2,10.5,11.1,37.7,-30,-17,-31,-21,29,32,2,2.9,10.1,11.3,39.5,-9,0,0,0,0,0,0,0,.000                         
Diamondbacks @ Orioles,ARI,Jose Fernandez,R,Bradish,R,0,-55,-32,-28,-23,-9,32,1.7,2.9,9.4,5,46,-61,-28,-34,-26,-7,38,1.8,2.7,9,5.1,48.2,-10,0,0,0,0,0,0,0,.000                         
Marlins @ Braves,ATL,Kyle Farmer,R,Paddack,R,0,13,1,-12,21,-22,-21,2.8,4.8,18.2,6,18.6,21,28,-3,19,-21,-21,3.5,5.3,17.9,6.1,18.6,7,0,0,0,0,0,0,0,.000                         
Marlins @ Braves,ATL,Mike Yastrzemski,L,Paddack,R,1,20,48,-6,22,-23,-33,4.7,5.1,16.6,10.7,12.1,24,53,8,20,-22,-33,4.9,5.9,16.3,10.9,12.2,10,10,9,3,1,1,1,1,.333                         
Marlins @ Braves,MIA,Austin Slater,R,Elder,R,0,-5,-22,-19,4,-29,0,2.2,4,14.4,6.3,31.6,-1,-14,-12,4,-28,0,2.4,4.3,14.4,6.3,31.7,-6,0,0,0,0,0,0,0,.000                         
Marlins @ Braves,ATL,Matt Olson,L,Paddack,R,1,16,3,-21,37,-19,-26,3.8,3.4,17.3,10.8,19.9,19,8,-12,35,-18,-26,4,3.9,17,11,20,9,4,3,0,0,0,1,1,.000                         
Marlins @ Braves,ATL,Jorge Mateo,R,Paddack,R,0,19,18,-7,16,-20,-24,2.1,4.7,17.1,5.9,21.7,28,48,2,15,-19,-23,2.7,5.1,17,6,21.7,2,0,0,0,0,0,0,0,.000                         
Marlins @ Braves,ATL,Jonah Heim,S,Paddack,R,0,7,33,-15,4,-28,-18,2.7,4.4,15.9,6.9,17.3,11,43,-4,4,-27,-18,2.9,5,15.8,7,17.4,3,2,2,0,0,0,0,0,.000                         
Marlins @ Braves,ATL,Dominic Smith,L,Paddack,R,1,18,50,-18,12,-25,-32,3.8,4.4,17.7,6,15,23,61,-7,12,-24,-32,4.1,4.9,17.5,6.1,15.1,8,2,2,0,0,0,0,0,.000                         
Marlins @ Braves,ATL,Eli White,R,Paddack,R,0,20,10,-15,23,-22,-18,2.9,4,16.3,5.4,26,27,34,-11,22,-21,-18,3.5,4.2,16.1,5.5,26,-1,0,0,0,0,0,0,0,.000                         
Marlins @ Braves,ATL,Mauricio Dubon,R,Paddack,R,1,5,8,-18,8,-22,-32,1.6,4.1,20.2,4.9,8.9,13,50,-8,7,-21,-32,2.3,4.6,20.1,4.9,8.9,6,2,2,0,0,0,0,0,.000                         
Marlins @ Braves,ATL,Ozzie Albies,S,Paddack,R,1,7,23,-24,11,-23,-33,3.3,4.3,19.3,6.3,9.8,11,36,-16,9,-22,-33,3.7,4.8,19.1,6.4,9.8,9,4,4,3,0,0,0,0,.750                         
Marlins @ Braves,ATL,Ronald Acuna Jr.,R,Paddack,R,1,21,35,-9,34,-27,-28,4.1,4.1,17.9,11.2,18.7,25,46,1,31,-26,-28,4.5,4.5,17.5,11.4,18.8,10,2,2,0,0,0,0,0,.000                         
Marlins @ Braves,ATL,Austin Riley,R,Paddack,R,1,26,37,-12,14,-10,-28,4.4,4.8,14.9,8.1,22.2,33,54,-4,11,-9,-28,5,5.2,14.6,8.2,22.2,8,3,3,0,0,0,0,1,.000                         
Marlins @ Braves,MIA,Xavier Edwards,S,Elder,R,1,-9,-24,-38,6,-32,-11,1.2,3.2,21,5.4,12.2,-5,-15,-27,7,-31,-11,1.3,3.8,21.2,5.5,12.3,2,8,7,4,0,0,1,0,.571                         
Marlins @ Braves,ATL,Michael Harris II,L,Paddack,R,1,21,48,-17,11,-13,-26,4.7,4.6,18.6,4.6,15.4,27,56,-3,10,-12,-26,4.9,5.4,18.5,4.7,15.4,10,4,4,0,0,0,0,0,.000                         
Marlins @ Braves,MIA,Otto Lopez,R,Elder,R,1,-5,-24,-32,8,-16,-4,1.9,3.4,19.7,5.8,15.4,0,-12,-23,8,-15,-4,2.2,3.8,19.6,5.9,15.4,3,6,6,3,0,0,0,0,.500                         
Marlins @ Braves,MIA,Leo Jimenez,R,Elder,R,0,-3,-35,-15,6,-13,0,1.7,4.1,14.7,8.7,26.8,4,-18,-3,5,-12,1,2.1,4.8,14.6,8.8,26.8,-3,0,0,0,0,0,0,0,.000                         
Marlins @ Braves,MIA,Connor Norby,R,Elder,R,1,-2,-31,-8,3,-18,-3,2,4.6,13.4,6.5,29.5,2,-19,-5,2,-17,-3,2.3,4.7,13.2,6.6,29.6,-6,0,0,0,0,0,0,0,.000                         
Marlins @ Braves,MIA,Heriberto Hernandez,R,Elder,R,1,-1,-23,1,0,-23,-3,1.9,4.7,12.7,8,26.4,4,-12,8,1,-22,-3,2.2,5,13,8.1,26.4,-4,3,3,2,1,0,0,0,.667                         
Marlins @ Braves,MIA,Agustin Ramirez,R,Elder,R,1,-4,-26,-16,10,-28,-1,1.8,4.3,16.3,6.7,22.6,-1,-19,-8,8,-27,0,2,4.7,16,6.7,22.6,-2,3,3,0,0,0,0,0,.000                         
Marlins @ Braves,MIA,Owen Caissie,L,Elder,R,1,-9,-22,-23,1,-33,1,2.1,3.2,11.7,5.6,33.9,-5,-16,-13,0,-32,1,2.2,3.7,11.6,5.7,34,-9,0,0,0,0,0,0,0,.000                         
Marlins @ Braves,ATL,Drake Baldwin,L,Paddack,R,1,10,16,-16,25,-38,-29,3.6,4.3,20.2,6.1,11.8,15,29,-7,25,-37,-29,4,4.8,20.2,6.2,11.8,10,2,2,0,0,0,0,0,.000                         
Marlins @ Braves,MIA,Graham Pauley,L,Elder,R,1,-4,-21,-6,1,-29,-4,2.2,4.4,14.5,6.2,22.5,1,-12,1,1,-28,-3,2.4,4.8,14.5,6.3,22.5,-3,3,3,0,0,0,0,0,.000                         
Marlins @ Braves,MIA,Liam Hicks,L,Elder,R,1,1,-11,-10,8,-20,-8,1.7,4.3,17.9,10.3,13.5,3,-5,-7,9,-18,-8,1.8,4.4,18,10.4,13.5,6,3,3,1,0,0,0,1,.333                         
Marlins @ Braves,MIA,Deyvison De Los Santos,R,Elder,R,0,-13,-33,-24,-6,-30,0,1.4,3,11.9,4.9,33,-8,-22,-16,-7,-29,0,1.6,3.4,11.8,5,33.1,-10,0,0,0,0,0,0,0,.000                         
Marlins @ Braves,MIA,Javier Sanoja,R,Elder,R,0,-1,-42,-16,14,-33,-11,1,4.7,21.9,3.3,11,8,-11,0,15,-32,-11,1.5,5.6,22,3.3,11,5,3,3,0,0,0,0,0,.000                         
Marlins @ Braves,MIA,Jakob Marsee,L,Elder,R,1,-2,-24,-13,7,-24,-3,1.6,4.6,14.5,7.7,22.1,1,-19,-1,5,-23,-2,1.7,5.2,14.3,7.9,22.2,-3,3,3,1,0,1,0,0,.333                         
Rangers @ Athletics,TEX,Andrew McCutchen,R,Ginn,R,0,6,-16,7,-1,20,-6,2.2,5.4,14.3,14.3,22.4,4,-17,5,-3,20,-6,2.2,5.4,14,14.3,22.4,6,0,0,0,0,0,0,0,.000                         
Rangers @ Athletics,TEX,Kyle Higashioka,R,Ginn,R,0,-3,-30,21,-9,11,-1,2.3,5.9,13.8,10.9,23.6,-5,-31,18,-11,10,-1,2.2,5.8,13.5,10.9,23.6,3,2,2,1,0,0,0,0,.500                         
Rangers @ Athletics,TEX,Joc Pederson,L,Ginn,R,1,1,-31,20,-1,10,-7,2.3,5.9,13,13.9,21.6,-1,-29,16,-5,10,-7,2.4,5.7,12.5,13.8,21.6,6,5,5,2,1,1,0,0,.400                         
Rangers @ Athletics,TEX,Brandon Nimmo,L,Ginn,R,1,1,-26,21,-7,8,-7,1.7,6.2,14.4,11.5,21.7,-1,-25,17,-11,7,-7,1.8,6,13.8,11.5,21.7,3,3,3,1,1,0,0,0,.333                         
Rangers @ Athletics,TEX,Corey Seager,L,Ginn,R,1,4,-14,9,-2,14,-11,3.1,5.5,14.7,16,20.3,1,-15,5,-5,13,-11,3.1,5.3,14.2,15.9,20.3,9,2,2,1,0,1,0,0,.500                         
Rangers @ Athletics,ATH,Andy Ibanez,R,Rocker,R,0,11,-13,24,10,-1,-13,1.8,6.6,18.7,7.3,17.7,8,-14,19,7,-1,-13,1.8,6.3,18.2,7.3,17.7,6,0,0,0,0,0,0,0,.000                         
Rangers @ Athletics,ATH,Austin Wynns,R,Rocker,R,0,10,-8,17,12,-12,-14,2.3,5.7,16.7,5.8,22.5,7,-10,14,10,-13,-14,2.3,5.6,16.5,5.8,22.5,0,0,0,0,0,0,0,0,.000                         
Rangers @ Athletics,TEX,Danny Jansen,R,Ginn,R,1,1,-31,20,-4,11,-7,2.1,5.2,12,12.6,24.8,-1,-30,16,-5,11,-7,2.1,5,11.9,12.6,24.8,-1,2,2,0,0,0,0,0,.000                         
Rangers @ Athletics,ATH,Jeff McNeil,L,Rocker,R,1,3,-23,6,13,-8,-17,1.9,6,17.4,9.2,13.5,3,-6,-1,10,-8,-17,2.4,5.7,17,9.2,13.5,8,0,0,0,0,0,0,0,.000                         
Rangers @ Athletics,TEX,Sam Haggerty,S,Ginn,R,0,-1,-30,2,-7,21,-2,1.1,5,14.6,10.1,23.1,-3,-35,1,-8,21,-2,1,5,14.4,10.1,23.1,-3,0,0,0,0,0,0,0,.000                         
Rangers @ Athletics,ATH,Carlos Cortes,L,Rocker,R,1,10,-13,25,6,2,-22,2.2,5.9,15.9,9.5,16.1,8,-12,20,3,2,-22,2.2,5.7,15.5,9.5,16.1,5,0,0,0,0,0,0,0,.000                         
Rangers @ Athletics,ATH,Shea Langeliers,R,Rocker,R,1,7,9,-2,6,-2,-14,4.2,5.2,14.5,8.2,20.3,5,6,-4,4,-3,-14,4.1,5.1,14.3,8.1,20.3,6,4,4,2,0,0,0,0,.500                         
Rangers @ Athletics,TEX,Jake Burger,R,Ginn,R,1,-2,-22,14,-9,15,-6,2.7,6,13.9,6.2,25.9,-4,-23,11,-11,14,-6,2.6,5.9,13.5,6.2,25.9,-3,2,2,0,0,0,0,0,.000                         
Rangers @ Athletics,TEX,Josh Smith,L,Ginn,R,1,3,-44,22,6,-2,-13,1.2,6.8,16,12.4,17.5,1,-39,15,4,-3,-13,1.3,6.5,15.6,12.4,17.5,7,12,8,3,0,2,4,0,.375                         
Rangers @ Athletics,ATH,Lawrence Butler,L,Rocker,R,1,15,4,16,14,-2,-18,3.2,5.7,16,10.1,23.6,11,-2,14,10,-2,-18,3,5.6,15.4,10,23.6,6,5,5,2,1,0,0,1,.400                         
Rangers @ Athletics,ATH,Denzel Clarke,R,Rocker,R,1,14,-13,7,13,3,-16,1.5,4.5,13.9,8.7,28.6,10,-15,4,9,2,-16,1.4,4.4,13.5,8.6,28.6,-7,0,0,0,0,0,0,0,.000                         
Rangers @ Athletics,TEX,Josh Jung,R,Ginn,R,1,2,-31,16,-3,6,-12,1.5,6.5,15.1,7,22.8,-1,-31,9,-3,5,-12,1.5,6.1,14.9,6.9,22.8,-2,7,7,2,2,0,0,3,.286                         
Rangers @ Athletics,TEX,Ezequiel Duran,R,Ginn,R,0,5,-24,24,2,-5,-7,1.6,6.8,16.6,6,22.1,2,-26,17,0,-5,-7,1.5,6.5,16.3,5.9,22.1,-1,2,2,0,0,0,0,0,.000                         
Rangers @ Athletics,ATH,Zack Gelof,R,Rocker,R,0,27,4,21,23,5,-14,2.7,6.4,13.7,8.6,32.7,24,3,17,23,5,-14,2.7,6.2,13.6,8.6,32.7,-1,2,2,0,0,0,0,0,.000                         
Rangers @ Athletics,ATH,Darell Hernaiz,R,Rocker,R,0,15,-17,42,7,-4,-23,1.3,6.8,18.1,6.5,14.6,12,-11,37,2,-4,-23,1.4,6.6,17.4,6.5,14.6,4,0,0,0,0,0,0,0,.000                         
Rangers @ Athletics,ATH,Tyler Soderstrom,L,Rocker,R,1,11,-12,15,16,-5,-19,2.3,5.8,18.5,9.4,19.6,7,-15,13,11,-5,-19,2.2,5.7,17.7,9.4,19.6,7,4,3,2,0,1,1,1,.667                         
Rangers @ Athletics,ATH,Max Muncy,R,Rocker,R,1,8,-7,13,8,-6,-13,3,5.1,14.7,7,26.9,6,-8,11,5,-7,-13,3,5,14.3,7,26.9,-2,0,0,0,0,0,0,0,.000                         
Rangers @ Athletics,TEX,Evan Carter,L,Ginn,R,1,5,-36,15,1,14,-7,1.2,5.5,14.1,14.3,22.8,2,-33,5,-2,14,-7,1.3,5,13.8,14.3,22.8,2,2,2,0,0,0,0,0,.000                         
Rangers @ Athletics,TEX,Wyatt Langford,R,Ginn,R,1,-2,-38,11,-8,20,-6,2,5.4,12.8,15.7,23.8,-3,-39,9,-9,20,-6,2,5.3,12.6,15.7,23.8,5,11,10,5,0,0,1,2,.500                         
Rangers @ Athletics,ATH,Nick Kurtz,L,Rocker,R,1,18,-7,13,19,13,-22,3.1,4.6,13.3,16.1,26,16,-5,13,12,12,-22,3.2,4.6,12.5,16.1,26,7,1,1,1,0,0,0,0,1.000                         
Rangers @ Athletics,ATH,Jacob Wilson,R,Rocker,R,1,11,3,15,8,5,-21,1.6,6,20.5,6.2,9,9,3,11,7,4,-21,1.6,5.8,20.3,6.2,9,7,3,3,3,0,0,0,0,1.000                         
